部门代码,部门名称,用人司局,机构性质,招考职位,职位属性,职位分布,职位简介,职位代码,机构层级,考试类别,招考人数,专业,学历,学位,政治面貌,基层工作最低年限,服务基层项目工作经历,是否在面试阶段组织专业能力测试,面试人员比例,工作地点,落户地点,备注,部门网站,咨询电话1,咨询电话2,咨询电话3
001000,中央纪委国家监察委,机关厅部室局,中央党群机关,纪检监察职位一,普通职位,其他职位,文字综合,100110001004,中央,中央机关及其省级直属机构综合管理类,3,政治学、马克思主义理论、中国语言文学、外国语言文学、新闻学、中国史、世界史,硕士研究生及以上,与最高学历相对应的学位,中共党员,二年,无限制,否,4:1,北京市,北京市,党性观念和纪律规矩意识强；身心健康，能适应经常性出差；文字能力较强，具有2年以上政策理论研究或综合文稿起草工作经历；本科、研究生阶段均取得学历学位；限以主修学位报考，最高学历对应专业需满足职位专业要求；非应届人员应为在职状态。,www.ccdi.gov.cn,010-59592131,010-59592132,
001000,中央纪委国家监察委,机关厅部室局,中央党群机关,纪检监察职位二,普通职位,其他职位,监督执纪执法,100110001005,中央,中央机关及其省级直属机构综合管理类,3,经济学、财政学、金融学、会计学、审计学、统计学,本科或硕士研究生,与最高学历相对应的学位,中共党员,二年,无限制,否,4:1,北京市,北京市,党性观念和纪律规矩意识强；身心健康，能适应经常性出差；文字能力较强，具有2年以上与所需专业相关领域工作经历；本科、研究生阶段均取得学历学位；限以主修学位报考，最高学历对应专业需满足职位专业要求；非应届人员应为在职状态。,www.ccdi.gov.cn,010-59592131,010-59592132,
001000,中央纪委国家监察委,机关厅部室局,中央党群机关,纪检监察职位三,普通职位,其他职位,综合调研,100110001006,中央,中央机关及其省级直属机构综合管理类,3,法学,本科或硕士研究生,与最高学历相对应的学位,中共党员,二年,无限制,否,4:1,北京市,北京市,党性观念和纪律规矩意识强；身心健康，能适应经常性出差；文字能力较强，具有2年以上法律相关工作经历；本科、研究生阶段均取得学历学位；限以主修学位报考，最高学历对应专业需满足职位专业要求；非应届人员应为在职状态。本职位要求专业指一级学科（专业类），非学科门类。,www.ccdi.gov.cn,010-59592131,010-59592132,
001000,中央纪委国家监察委,机关厅部室局,中央党群机关,纪检监察职位四,普通职位,其他职位,监督执纪执法,100110001007,中央,中央机关及其省级直属机构综合管理类,4,法学,本科或硕士研究生,与最高学历相对应的学位,中共党员,二年,无限制,否,4:1,北京市,北京市,党性观念和纪律规矩意识强；身心健康，能适应经常性出差；文字能力较强，具有2年以上法律相关工作经历；本科、研究生阶段均取得学历学位；限以主修学位报考，最高学历对应专业需满足职位专业要求；非应届人员应为在职状态。本职位要求专业指一级学科（专业类），非学科门类。,www.ccdi.gov.cn,010-59592131,010-59592132,
001000,中央纪委国家监察委,机关厅部室局,中央党群机关,纪检监察职位五,普通职位,其他职位,医疗服务保障,100110001008,中央,中央机关及其省级直属机构综合管理类,2,临床医学、预防医学、卫生监督、内科学、康复医学与理疗学、流行病与卫生统计学,本科或硕士研究生,与最高学历相对应的学位,中共党员,二年,无限制,否,5:1,北京市,北京市,党性观念和纪律规矩意识强；身心健康，能适应经常性出差；具有2年以上与所需专业相关领域工作经历；本科、研究生阶段均取得学历学位；限以主修学位报考，最高学历对应专业需满足职位专业要求；非应届人员应为在职状态。本职位要求专业均指二级学科（专业名称），非一级学科（专业类）。,www.ccdi.gov.cn,010-59592131,010-59592132,
001000,中央纪委国家监察委,派驻机构,中央党群机关,纪检监察职位一,普通职位,其他职位,文字综合,100110002004,中央,中央机关及其省级直属机构综合管理类,3,中国语言文学、外国语言文学、新闻学,本科或硕士研究生,与最高学历相对应的学位,中共党员,二年,无限制,否,4:1,北京市,北京市,党性观念和纪律规矩意识强；身心健康，能适应经常性出差；文字能力强，具有2年以上综合文稿起草工作经历；本科、研究生阶段均取得学历学位；限以主修学位报考，最高学历对应专业需满足职位专业要求；非应届人员应为在职状态。,www.ccdi.gov.cn,010-59592131,010-59592132,
001000,中央纪委国家监察委,派驻机构,中央党群机关,纪检监察职位二,普通职位,其他职位,监督检查,100110002005,中央,中央机关及其省级直属机构综合管理类,4,财政学、金融学、会计学、审计学,仅限硕士研究生,与最高学历相对应的学位,中共党员,二年,无限制,否,4:1,北京市,北京市,党性观念和纪律规矩意识强；身心健康，能适应经常性出差；文字能力较强，具有2年以上与所需专业相关领域工作经历；本科、研究生阶段均取得学历学位；限以主修学位报考，最高学历对应专业需满足职位专业要求；非应届人员应为在职状态。,www.ccdi.gov.cn,010-59592131,010-59592132,
001000,中央纪委国家监察委,派驻机构,中央党群机关,纪检监察职位三,普通职位,其他职位,审查调查,100110002006,中央,中央机关及其省级直属机构综合管理类,4,财政学、金融学、会计学、审计学,仅限硕士研究生,与最高学历相对应的学位,中共党员,二年,无限制,否,4:1,北京市,北京市,党性观念和纪律规矩意识强；身心健康，能适应经常性出差；文字能力较强，具有2年以上与所需专业相关领域工作经历；本科、研究生阶段均取得学历学位；限以主修学位报考，最高学历对应专业需满足职位专业要求；非应届人员应为在职状态。,www.ccdi.gov.cn,010-59592131,010-59592132,
001000,中央纪委国家监察委,派驻机构,中央党群机关,纪检监察职位四,普通职位,其他职位,监督检查,100110002007,中央,中央机关及其省级直属机构综合管理类,4,财政学、金融学、会计学、审计学,本科或硕士研究生,与最高学历相对应的学位,中共党员,二年,无限制,否,4:1,北京市,北京市,党性观念和纪律规矩意识强；身心健康，能适应经常性出差；文字能力较强，具有2年以上与所需专业相关领域工作经历；本科、研究生阶段均取得学历学位；限以主修学位报考，最高学历对应专业需满足职位专业要求；非应届人员应为在职状态。,www.ccdi.gov.cn,010-59592131,010-59592132,
001000,中央纪委国家监察委,派驻机构,中央党群机关,纪检监察职位五,普通职位,其他职位,监督检查,100110002008,中央,中央机关及其省级直属机构综合管理类,4,法学,仅限硕士研究生,与最高学历相对应的学位,中共党员,二年,无限制,否,4:1,北京市,北京市,党性观念和纪律规矩意识强；身心健康，能适应经常性出差；文字能力较强，具有2年以上法律相关工作经历；本科、研究生阶段均取得学历学位；限以主修学位报考，最高学历对应专业需满足职位专业要求；非应届人员应为在职状态。本职位要求专业指一级学科，非学科门类。,www.ccdi.gov.cn,010-59592131,010-59592132,
001000,中央纪委国家监察委,派驻机构,中央党群机关,纪检监察职位六,普通职位,其他职位,审查调查,100110002009,中央,中央机关及其省级直属机构综合管理类,4,法学,仅限硕士研究生,与最高学历相对应的学位,中共党员,二年,无限制,否,4:1,北京市,北京市,党性观念和纪律规矩意识强；身心健康，能适应经常性出差；文字能力较强，具有2年以上法律相关工作经历；本科、研究生阶段均取得学历学位；限以主修学位报考，最高学历对应专业需满足职位专业要求；非应届人员应为在职状态。本职位要求专业指一级学科，非学科门类。,www.ccdi.gov.cn,010-59592131,010-59592132,
001000,中央纪委国家监察委,派驻机构,中央党群机关,纪检监察职位七,普通职位,其他职位,监督检查,100110002010,中央,中央机关及其省级直属机构综合管理类,4,法学,本科或硕士研究生,与最高学历相对应的学位,中共党员,二年,无限制,否,4:1,北京市,北京市,党性观念和纪律规矩意识强；身心健康，能适应经常性出差；文字能力较强，具有2年以上法律相关工作经历；本科、研究生阶段均取得学历学位；限以主修学位报考，最高学历对应专业需满足职位专业要求；非应届人员应为在职状态。本职位要求专业指一级学科（专业类），非学科门类。,www.ccdi.gov.cn,010-59592131,010-59592132,
001000,中央纪委国家监察委,派驻机构,中央党群机关,纪检监察职位八,普通职位,其他职位,审查调查,100110002011,中央,中央机关及其省级直属机构综合管理类,4,法学,本科或硕士研究生,与最高学历相对应的学位,中共党员,二年,无限制,否,4:1,北京市,北京市,党性观念和纪律规矩意识强；身心健康，能适应经常性出差；文字能力较强，具有2年以上法律相关工作经历；本科、研究生阶段均取得学历学位；限以主修学位报考，最高学历对应专业需满足职位专业要求；非应届人员应为在职状态。本职位要求专业指一级学科（专业类），非学科门类。,www.ccdi.gov.cn,010-59592131,010-59592132,
001000,中央纪委国家监察委,信息中心（网络举报管理中心）,中央党群机关参照公务员法管理事业单位,纪检监察职位一,普通职位,其他职位,应用软件研发、大数据系统建设、信息安全管理保障、文稿起草,100210003001,中央,中央机关及其省级直属机构综合管理类,2,计算机科学与技术、软件工程、网络工程、信息安全,本科或硕士研究生,与最高学历相对应的学位,中共党员,无限制,无限制,是,5:1,北京市,北京市,党性观念和纪律规矩意识强；文字能力较强，身心健康，能够适应长期加班出差，相容性好。本科、研究生阶段均取得学历学位。专业能力测试内容：信息技术相关知识。专业能力测试成绩比重：15%。,www.ccdi.gov.cn,010-59592131,010-59592132,
001000,中央纪委国家监察委,信息中心（网络举报管理中心）,中央党群机关参照公务员法管理事业单位,纪检监察职位二,普通职位,其他职位,文稿起草及综合管理,100210003002,中央,中央机关及其省级直属机构综合管理类,1,会计学、财务管理,本科或硕士研究生,与最高学历相对应的学位,中共党员,无限制,无限制,是,5:1,北京市,北京市,党性观念和纪律规矩意识强；文字能力较强，身体健康，能够适应长期加班出差，相容性好。本科、研究生阶段均取得学历学位。专业能力测试内容：财务相关知识。专业能力测试成绩比重：15%。,www.ccdi.gov.cn,010-59592131,010-59592132,
002000,中央办公厅,法规局,中央党群机关,备案处一级主任科员及以下,普通职位,其他职位,主要承担党内法规和规范性文件备案审查等工作,100110001001,中央,中央机关及其省级直属机构综合管理类,1,法学（一级学科）,硕士研究生及以上,与最高学历相对应的学位,中共党员,二年,无限制,是,5:1,北京市,北京市,咨询电话：01063094808。 研究生学历报考时须同时具有本科学历学位和研究生学历学位，研究生学历学位须为同一学校同时颁发。专业能力测试的内容为公文写作，占综合成绩的比重为15%。,咨询法规局63094808，机要交通局63093855，中共中央机关事务管理局63097973，老干部局63097447，毛主席纪念堂管理局83083167,01063094219,,
002000,中央办公厅,机要交通局,中央党群机关,办公室一级主任科员及以下,普通职位,其他职位,从事文稿起草、调查研究、机关综合事务等工作,100110002001,中央,中央机关及其省级直属机构综合管理类,1,哲学、社会学、马克思主义理论,仅限本科,学士,中共党员,二年,无限制,是,5:1,北京市,北京市,咨询电话：01063098427。有较好的政治理论素养，较强的文字和综合协调能力并具有相关工作经验；经常出差，较适合男性。专业能力测试的内容为政治理论、公文写作及业务相关知识，占综合成绩的比重为15%。,咨询法规局63094808，机要交通局63093855，中共中央机关事务管理局63097973，老干部局63097447，毛主席纪念堂管理局83083167,01063094219,,
002000,中央办公厅,中共中央直属机关事务管理局,中央党群机关,中直北戴河服务局服务管理工作一级主任科员及以下,普通职位,其他职位,从事服务管理等工作,100110003001,中央,中央机关及其省级直属机构综合管理类,3,行政管理等相关专业,本科及以上,与最高学历相对应的学位,中共党员,二年,无限制,是,5:1,河北省秦皇岛市,北京市,咨询电话：01063097973。研究生学历报考者须同时具有本科学历学位和研究生学历学位。有1年以上与职位简介相关的工作经历。专业能力测试的内容为党的机关事务工作知识，对党的大政方针的理解把握能力、对时事的分析能力和公文写作，占综合成绩的比重为15%。,咨询法规局63094808，机要交通局63093855，中共中央机关事务管理局63097973，老干部局63097447，毛主席纪念堂管理局83083167,01063094219,,
002000,中央办公厅,中共中央直属机关事务管理局,中央党群机关参照公务员法管理事业单位,中直北戴河服务局机关服务中心一级主任科员及以下,普通职位,其他职位,从事人事管理、机关党建、档案管理等工作,100210003001,中央,中央机关及其省级直属机构综合管理类,2,人力资源管理、政治学、档案学等相关专业,本科及以上,与最高学历相对应的学位,中共党员,无限制,无限制,是,5:1,河北省秦皇岛市,北京市,咨询电话：01063097973。研究生学历报考者须同时具有本科学历学位和研究生学历学位。非应届毕业生须有与职位简介相关的工作经历。专业能力测试的内容为党的机关事务工作，对党的大政方针的理解把握能力、对时事的分析能力和公文写作，占综合成绩的比重为15%。,咨询法规局63094808，机要交通局63093855，中共中央机关事务管理局63097973，老干部局63097447，毛主席纪念堂管理局83083167,01063094219,,
002000,中央办公厅,中共中央直属机关事务管理局,中央党群机关参照公务员法管理事业单位,文书综合工作一级主任科员及以下,普通职位,其他职位,从事文稿起草等工作,100210003002,中央,中央机关及其省级直属机构综合管理类,3,汉语言文学、哲学、法学、新闻学、中共党史等相关专业,本科及以上,与最高学历相对应的学位,中共党员,无限制,无限制,是,5:1,北京市,北京市,咨询电话：01063097973。研究生学历报考者须同时具有本科学历学位和研究生学历学位。非应届毕业生须有与职位简介相关的工作经历。专业能力测试的内容为党的机关事务工作，对党的大政方针的理解把握能力、对时事的分析能力和公文写作，占综合成绩的比重为15%。,咨询法规局63094808，机要交通局63093855，中共中央机关事务管理局63097973，老干部局63097447，毛主席纪念堂管理局83083167,01063094219,,
002000,中央办公厅,中共中央直属机关事务管理局,中央党群机关参照公务员法管理事业单位,法务管理工作一级主任科员及以下,普通职位,其他职位,从事有关规章制度起草与审核、合同审核、采购项目组织实施等工作,100210003003,中央,中央机关及其省级直属机构综合管理类,2,法学等相关专业,本科及以上,与最高学历相对应的学位,中共党员,无限制,无限制,是,5:1,北京市,北京市,咨询电话：01063097973。研究生学历报考者须同时具有本科学历学位和研究生学历学位。非应届毕业生须有与职位简介相关的工作经历。专业能力测试的内容为党的机关事务工作，对党的大政方针的理解把握能力、对时事的分析能力和公文写作，占综合成绩的比重为15%。,咨询法规局63094808，机要交通局63093855，中共中央机关事务管理局63097973，老干部局63097447，毛主席纪念堂管理局83083167,01063094219,,
002000,中央办公厅,中共中央直属机关事务管理局,中央党群机关参照公务员法管理事业单位,财务管理工作一级主任科员及以下,普通职位,其他职位,从事预算、财务管理、会计核算等相关工作,100210003004,中央,中央机关及其省级直属机构综合管理类,3,会计学、财务管理、财政学等相关专业,本科及以上,与最高学历相对应的学位,中共党员,无限制,无限制,是,5:1,北京市,北京市,咨询电话：01063097973。研究生学历报考者须同时具有本科学历学位和研究生学历学位。非应届毕业生须有与职位简介相关的工作经历。专业能力测试的内容为党的机关事务工作，对党的大政方针的理解把握能力、对时事的分析能力和公文写作，专业能力测试成绩占综合成绩15%。,咨询法规局63094808，机要交通局63093855，中共中央机关事务管理局63097973，老干部局63097447，毛主席纪念堂管理局83083167,01063094219,,
002000,中央办公厅,中共中央直属机关事务管理局,中央党群机关参照公务员法管理事业单位,资产审计工作一级主任科员及以下,普通职位,其他职位,从事审计、资产管理等相关工作,100210003005,中央,中央机关及其省级直属机构综合管理类,2,会计学、金融学、审计学等相关专业,本科及以上,与最高学历相对应的学位,中共党员,无限制,无限制,是,5:1,北京市,北京市,咨询电话：01063097973。研究生学历报考者须同时具有本科学历学位和研究生学历学位。非应届毕业生须有与职位简介相关的工作经历。专业能力测试的内容为党的机关事务工作，对党的大政方针的理解把握能力、对时事的分析能力和公文写作，占综合成绩的比重为15%。,咨询法规局63094808，机要交通局63093855，中共中央机关事务管理局63097973，老干部局63097447，毛主席纪念堂管理局83083167,01063094219,,
002000,中央办公厅,中共中央直属机关事务管理局,中央党群机关参照公务员法管理事业单位,信息管理工作一级主任科员及以下,普通职位,其他职位,从事信息化管理工作,100210003006,中央,中央机关及其省级直属机构综合管理类,1,计算机科学与技术、计算机应用技术等相关专业,本科及以上,与最高学历相对应的学位,中共党员,无限制,无限制,是,5:1,北京市,北京市,咨询电话：01063097973。研究生学历报考者须同时具有本科学历学位和研究生学历学位。非应届毕业生须有与职位简介相关的工作经历。专业能力测试的内容为党的机关事务工作，对党的大政方针的理解把握能力、对时事的分析能力和公文写作，占综合成绩的比重为15%。,咨询法规局63094808，机要交通局63093855，中共中央机关事务管理局63097973，老干部局63097447，毛主席纪念堂管理局83083167,01063094219,,
002000,中央办公厅,中共中央直属机关事务管理局,中央党群机关参照公务员法管理事业单位,工程管理工作一级主任科员及以下,普通职位,其他职位,从事工程采购、审计等工作,100210003007,中央,中央机关及其省级直属机构综合管理类,2,土木工程、建筑学、工程管理、管理科学与工程等相关专业,本科及以上,与最高学历相对应的学位,中共党员,无限制,无限制,是,5:1,北京市,北京市,咨询电话：01063097973。研究生学历报考者须同时具有本科学历学位和研究生学历学位。非应届毕业生须有与职位简介相关的工作经历。专业能力测试的内容为党的机关事务工作，对党的大政方针的理解把握能力、对时事的分析能力和公文写作，占综合成绩的比重为15%。,咨询法规局63094808，机要交通局63093855，中共中央机关事务管理局63097973，老干部局63097447，毛主席纪念堂管理局83083167,01063094219,,
002000,中央办公厅,中共中央直属机关事务管理局,中央党群机关参照公务员法管理事业单位,基建管理工作一级主任科员及以下,普通职位,其他职位,从事房屋土地管理、政策研究制定等工作,100210003008,中央,中央机关及其省级直属机构综合管理类,3,土木工程、建筑学、工程管理、管理科学与工程等相关专业,本科及以上,与最高学历相对应的学位,中共党员,无限制,无限制,是,5:1,北京市,北京市,咨询电话：01063097973。研究生学历报考者须同时具有本科学历学位和研究生学历学位。非应届毕业生须有与职位简介相关的工作经历。专业能力测试的内容为党的机关事务工作，对党的大政方针的理解把握能力、对时事的分析能力和公文写作，占综合成绩的比重为15%。,咨询法规局63094808，机要交通局63093855，中共中央机关事务管理局63097973，老干部局63097447，毛主席纪念堂管理局83083167,01063094219,,
002000,中央办公厅,老干部局,中央党群机关参照公务员法管理事业单位,文秘工作一级主任科员及以下,普通职位,其他职位,从事机关文秘运转保障工作,100210004001,中央,中央机关及其省级直属机构综合管理类,1,法学、社会学、社会工作、科学社会主义、中国共产党历史,仅限本科,学士,中共党员,无限制,无限制,是,5:1,北京市,北京市,咨询电话：01063097447。“专业”为《普通高等学校本科专业目录（2020年版）》中的专业名称，不是学科门类和专业类。专业能力测试的内容为对党的大政方针的理解把握能力和专业技术能力等，占综合成绩的比重为15%。,咨询法规局63094808，机要交通局63093855，中共中央机关事务管理局63097973，老干部局63097447，毛主席纪念堂管理局83083167,01063094219,,
002000,中央办公厅,老干部局,中央党群机关参照公务员法管理事业单位,固定资产管理工作一级主任科员及以下,普通职位,其他职位,从事固定资产管理等行政后勤保障工作,100210004002,中央,中央机关及其省级直属机构综合管理类,3,会计学、财务管理、审计学、资产评估,仅限本科,学士,中共党员,无限制,无限制,是,5:1,北京市,北京市,咨询电话：01063097447。“专业”为《普通高等学校本科专业目录（2020年版）》中的专业名称，不是学科门类和专业类。专业能力测试的内容为对党的大政方针的理解把握能力和专业技术能力等，占综合成绩的比重为15%。,咨询法规局63094808，机要交通局63093855，中共中央机关事务管理局63097973，老干部局63097447，毛主席纪念堂管理局83083167,01063094219,,
002000,中央办公厅,老干部局,中央党群机关参照公务员法管理事业单位,工程管理工作一级主任科员及以下,普通职位,其他职位,从事工程建设及维修管理等行政后勤保障工作,100210004003,中央,中央机关及其省级直属机构综合管理类,2,土木工程、建筑环境与能源应用工程、建筑电气与智能化,仅限本科,学士,中共党员,无限制,无限制,是,5:1,北京市,北京市,咨询电话：01063097447。“专业”为《普通高等学校本科专业目录（2020年版）》中的专业名称，不是学科门类和专业类。专业能力测试的内容为对党的大政方针的理解把握能力和专业技术能力等，占综合成绩的比重为15%。,咨询法规局63094808，机要交通局63093855，中共中央机关事务管理局63097973，老干部局63097447，毛主席纪念堂管理局83083167,01063094219,,
002000,中央办公厅,老干部局,中央党群机关参照公务员法管理事业单位,医疗保健工作一级主任科员及以下,普通职位,其他职位,从事离退休老同志医疗保健、健康咨询、应急救护、日常服务等工作,100210004004,中央,中央机关及其省级直属机构综合管理类,2,本科：基础医学、临床医学、中医学、中西医临床医学，研究生：基础医学、临床医学、中医学、中西医结合,本科或硕士研究生,与最高学历相对应的学位,中共党员,无限制,无限制,是,5:1,北京市,北京市,咨询电话：01063097447。本科“专业”为《普通高等学校本科专业目录（2020年版）》中的专业名称，不是学科门类和专业类，研究生“专业”为《学位授予和人才培养学科目录（2018年4月更新）》中的一级学科。研究生（不含一贯制）需曾在本职位要求的本科专业学习并取得相应学历学位证书。报考人员需具有住院医师及以上专业技术职称，同时具有执业医师资格证书（临床医学或全科医学）。专业能力测试的内容为对党的大政方针的理解把握能力和专业技术能力，占综合成绩的比重为15%。,咨询法规局63094808，机要交通局63093855，中共中央机关事务管理局63097973，老干部局63097447，毛主席纪念堂管理局83083167,01063094219,,
002000,中央办公厅,老干部局,中央党群机关参照公务员法管理事业单位,文艺活动组织工作一级主任科员及以下,普通职位,其他职位,从事离退休老同志文艺活动策划、指导、协调和日常服务等工作,100210004005,中央,中央机关及其省级直属机构综合管理类,2,音乐表演、音乐学,仅限本科,学士,中共党员,无限制,无限制,是,5:1,北京市,北京市,咨询电话：01063097447。“专业”为《普通高等学校本科专业目录（2020年版）》中的专业名称，不是学科门类和专业类。专业能力测试的内容为对党的大政方针的理解把握能力和专业技术能力，占综合成绩的比重为15%。,咨询法规局63094808，机要交通局63093855，中共中央机关事务管理局63097973，老干部局63097447，毛主席纪念堂管理局83083167,01063094219,,
002000,中央办公厅,毛主席纪念堂管理局,中央党群机关参照公务员法管理事业单位,瞻仰接待处一级主任科员及以下,普通职位,其他职位,从事瞻仰接待管理、预约系统维护使用管理等工作,100210005001,中央,中央机关及其省级直属机构综合管理类,1,自动化、智能装备与系统、计算机科学与技术、信息工程、网络工程、物联网工程、数据科学与大数据技术、通信工程,本科及以上,与最高学历相对应的学位,中共党员,无限制,无限制,是,5:1,北京市,北京市,咨询电话：01083083167。研究生学历报考者须同时具有本科学历学位和研究生学历学位。专业能力测试的内容为计算机、自动化、电子信息方面知识综合应用、公文处理等，占综合成绩的比重为15%。,咨询法规局63094808，机要交通局63093855，中共中央机关事务管理局63097973，老干部局63097447，毛主席纪念堂管理局83083167,01063094219,,
002000,中央办公厅,毛主席纪念堂管理局,中央党群机关参照公务员法管理事业单位,宣传教育处一级主任科员及以下,普通职位,其他职位,从事伟人革命业绩、崇高风范等宣传讲解工作,100210005002,中央,中央机关及其省级直属机构综合管理类,1,播音与主持艺术相关专业,本科及以上,与最高学历相对应的学位,中共党员,无限制,无限制,是,5:1,北京市,北京市,咨询电话：01083083167。研究生学历报考者须同时具有本科学历学位和研究生学历学位。非2022年应届毕业生须具有讲解、播音主持等相关工作经验；具有较强的语言表达能力。专业能力测试的内容为语言表达测试及播音主持、表演、党史知识等，占综合成绩的比重为15%。,咨询法规局63094808，机要交通局63093855，中共中央机关事务管理局63097973，老干部局63097447，毛主席纪念堂管理局83083167,01063094219,,
002000,中央办公厅,毛主席纪念堂管理局,中央党群机关参照公务员法管理事业单位,研究室一级主任科员及以下,普通职位,其他职位,从事政策理论研究、综合调研及机关党建、文稿起草工作,100210005003,中央,中央机关及其省级直属机构综合管理类,2,马克思主义理论、中共党史、政治学理论、马克思主义哲学、中国哲学、外国哲学、语言学及应用语言学,硕士研究生及以上,与最高学历相对应的学位,中共党员,无限制,无限制,是,5:1,北京市,北京市,咨询电话：01083083167。报考者须同时具有本科学历学位和研究生学历学位。非2022年应届毕业生须具有政策理论研究、机关党建等相关工作经验，具有较强的文字综合能力。专业能力测试的内容为政策理论能力测查、党史知识、公文写作等，占综合成绩的比重为15%。,咨询法规局63094808，机要交通局63093855，中共中央机关事务管理局63097973，老干部局63097447，毛主席纪念堂管理局83083167,01063094219,,
002000,中央办公厅,毛主席纪念堂管理局,中央党群机关参照公务员法管理事业单位,网络传播工作一级主任科员及以下,普通职位,其他职位,从事网络宣传工作,100210005004,中央,中央机关及其省级直属机构综合管理类,1,中共党史,硕士研究生及以上,与最高学历相对应的学位,中共党员,无限制,无限制,是,5:1,北京市,北京市,咨询电话：01083083167。报考者须同时具有本科学历学位和研究生学历学位。非2022年应届毕业生须具有宣传教育、理论研究等相关工作经验。专业能力测试的内容为政策理论能力测查、党史知识、公文写作等，占综合成绩的比重为15%。,咨询法规局63094808，机要交通局63093855，中共中央机关事务管理局63097973，老干部局63097447，毛主席纪念堂管理局83083167,01063094219,,
002000,中央办公厅,毛主席纪念堂管理局,中央党群机关参照公务员法管理事业单位,信息技术工作一级主任科员及以下,普通职位,其他职位,从事信息技术工作,100210005005,中央,中央机关及其省级直属机构综合管理类,1,自动化类、计算机类,本科及以上,与最高学历相对应的学位,中共党员,无限制,无限制,是,5:1,北京市,北京市,咨询电话：01083083167。研究生学历报考者须同时具有本科学历学位和研究生学历学位，且本科及以上学历均须符合专业要求。非2022年应届毕业生须从事信息系统集成项目管理、实施、运行维护等相关工作。专业能力测试的内容为信息系统集成、自动化、计算机方面知识的综合运用、公文处理等，占综合成绩的比重为15%。,咨询法规局63094808，机要交通局63093855，中共中央机关事务管理局63097973，老干部局63097447，毛主席纪念堂管理局83083167,01063094219,,
002000,中央办公厅,毛主席纪念堂管理局,中央党群机关参照公务员法管理事业单位,机电二处一级主任科员及以下,普通职位,其他职位,从事供热、制冷、空调、给排水、机械设备的运行维护及管理工作,100210005006,中央,中央机关及其省级直属机构综合管理类,1,建筑环境与能源应用工程、给排水科学与工程、建筑电气与智能化、环境科学与工程、环保设备工程、机械设计制造及其自动化,本科及以上,与最高学历相对应的学位,中共党员,无限制,无限制,是,5:1,北京市,北京市,咨询电话：01083083167。研究生学历报考者须同时具有本科学历学位和研究生学历学位。专业能力测试的内容为机械设计、建筑环境学、给排水、热力学、电气方面基础知识的综合运用、公文处理等，占综合成绩的比重为15%。,咨询法规局63094808，机要交通局63093855，中共中央机关事务管理局63097973，老干部局63097447，毛主席纪念堂管理局83083167,01063094219,,
002000,中央办公厅,毛主席纪念堂管理局,中央党群机关参照公务员法管理事业单位,机电一处一级主任科员及以下,普通职位,其他职位,从事电气及专用设备的运行维修及管理工作,100210005007,中央,中央机关及其省级直属机构综合管理类,1,电气工程及其自动化、电气工程与智能控制、智能电网信息工程、光源与照明、自动化,本科及以上,与最高学历相对应的学位,中共党员,无限制,无限制,是,5:1,北京市,北京市,咨询电话：01083083167。研究生学历报考者须同时具有本科学历学位和研究生学历学位。能够适应长期倒班工作。专业能力测试的内容为电工电子、电路方面基础知识的综合运用、公文处理等，占综合成绩的比重为15%。,咨询法规局63094808，机要交通局63093855，中共中央机关事务管理局63097973，老干部局63097447，毛主席纪念堂管理局83083167,01063094219,,
003000,中央档案馆国家档案局,科技信息化司,中央党群机关,中央档案数据管理处（革命历史档案目录中心）一级主任科员及以下,普通职位,其他职位,计算机网络、信息系统建设管理。,100110001001,中央,中央机关及其省级直属机构综合管理类,1,计算机科学与技术、软件工程专业,本科及以上,与最高学历相对应的学位,中共党员,二年,无限制,否,5:1,北京市,北京市,限以主修学位报考，本科及以上学历均需符合专业要求，具有2年及以上所学专业相关工作经历。,http://www.saac.gov.cn/,010-83083863,010-63097400  63097335,025-84665985
003000,中央档案馆国家档案局,档案资料利用部,中央党群机关,开放鉴定处一级主任科员及以下,普通职位,其他职位,档案资料鉴定、开放审核、划控。,100110002001,中央,中央机关及其省级直属机构综合管理类,1,中共党史、中国近现代史,仅限硕士研究生,硕士,中共党员,二年,无限制,否,5:1,北京市,北京市,限以主修学位报考，具有2年及以上所学专业相关工作经历。,http://www.saac.gov.cn/,010-83083863,010-63097400  63097335,025-84665985
003000,中央档案馆国家档案局,中国第一历史档案馆,中央党群机关参照公务员法管理事业单位,办公室一级主任科员及以下,普通职位,其他职位,文稿起草、活动组织、机关党建及群团工作,100210003001,中央,中央机关及其省级直属机构综合管理类,2,汉语言文学、新闻学、历史学、思想政治教育,本科及以上,与最高学历相对应的学位,中共党员,无限制,无限制,否,5:1,北京市,北京市,非应届毕业生须具备2年以上相关工作经验。咨询电话：010-63097400、63097876.,http://www.saac.gov.cn/,010-83083863,010-63097400  63097335,025-84665985
003000,中央档案馆国家档案局,中国第一历史档案馆,中央党群机关参照公务员法管理事业单位,安保处一级主任科员及以下,普通职位,其他职位,空调及设备运行管理,100210003002,中央,中央机关及其省级直属机构综合管理类,1,建筑环境与能源应用工程,硕士研究生及以上,与最高学历相对应的学位,不限,二年,无限制,否,5:1,北京市,北京市,2年及以上的中央空调系统运维和建设相关工作经验。咨询电话：010-63097400、63097876。,http://www.saac.gov.cn/,010-83083863,010-63097400  63097335,025-84665985
003000,中央档案馆国家档案局,中国第一历史档案馆,中央党群机关参照公务员法管理事业单位,基建处一级主任科员及以下,普通职位,其他职位,机电设备管理,100210003003,中央,中央机关及其省级直属机构综合管理类,1,电气工程及其自动化,本科及以上,与最高学历相对应的学位,不限,二年,无限制,否,5:1,北京市,北京市,具有2年及以上电气系统设备运行管理岗位工作经验。咨询电话：010-63097400、63097876.,http://www.saac.gov.cn/,010-83083863,010-63097400  63097335,025-84665985
003000,中央档案馆国家档案局,中国第一历史档案馆,中央党群机关参照公务员法管理事业单位,展宣处一级主任科员及以下,普通职位,其他职位,公共教育宣传,100210003004,中央,中央机关及其省级直属机构综合管理类,1,教育学（教育技术学方向）、新闻传播学（网络与新媒体、新闻传播学方向）,硕士研究生及以上,与最高学历相对应的学位,中共党员,二年,无限制,否,5:1,北京市,北京市,1.2年以上新闻媒体机构及宣传推广与新媒体运营等方面工作相关工作经验；2.大学英语六级成绩达到合格，或能用英语独立开展工作；3.限以主修学位报考。咨询电话：010-63097400、63097876.,http://www.saac.gov.cn/,010-83083863,010-63097400  63097335,025-84665985
003000,中央档案馆国家档案局,中国第一历史档案馆,中央党群机关参照公务员法管理事业单位,展宣处一级主任科员及以下,普通职位,其他职位,展陈设计,100210003005,中央,中央机关及其省级直属机构综合管理类,1,数字媒体艺术设计专业,硕士研究生及以上,与最高学历相对应的学位,不限,二年,无限制,否,5:1,北京市,北京市,1.数码多媒体专业人员要求熟练使用Audition、Premier、Photoshop等相关视频剪辑软件，能独立剪辑制作视频短片；2.2年及以上相关行业从业经历，熟练使用H5软件、网页、微信小程序制作；3.大学英语四级成绩达到合格。咨询电话：010-63097400、63097876.,http://www.saac.gov.cn/,010-83083863,010-63097400  63097335,025-84665985
003000,中央档案馆国家档案局,中国第一历史档案馆,中央党群机关参照公务员法管理事业单位,编研处一级主任科员及以下,普通职位,其他职位,档案编辑、杂志编辑。,100210003006,中央,中央机关及其省级直属机构综合管理类,1,中国古代史（明清史）,硕士研究生及以上,与最高学历相对应的学位,不限,无限制,无限制,否,5:1,北京市,北京市,咨询电话：010-63097400、63097876.,http://www.saac.gov.cn/,010-83083863,010-63097400  63097335,025-84665985
003000,中央档案馆国家档案局,中国第一历史档案馆,中央党群机关参照公务员法管理事业单位,复制处一级主任科员及以下,普通职位,其他职位,印刷（轻型印刷机操作）、仿真复制。,100210003007,中央,中央机关及其省级直属机构综合管理类,1,摄影、印刷工程,本科及以上,与最高学历相对应的学位,不限,二年,无限制,否,5:1,北京市,北京市,"熟练掌握photoshop, illustrator等相关图像处理和排版软件使用技能。具有2年以上相关工作经验。咨询电话：010-63097400、63097876.",http://www.saac.gov.cn/,010-83083863,010-63097400  63097335,025-84665985
003000,中央档案馆国家档案局,中国第一历史档案馆,中央党群机关参照公务员法管理事业单位,网络处一级主任科员及以下,普通职位,其他职位,信息安全管理,100210003008,中央,中央机关及其省级直属机构综合管理类,1,计算机科学与技术、通信工程、软件工程、网络工程、信息安全,本科及以上,与最高学历相对应的学位,不限,三年,无限制,否,5:1,北京市,北京市,具备3年以上信息安全系统建设与管理、安全软硬件产品研发与测试、网络安全测评等工作经验。咨询电话：010-63097400、63097876.,http://www.saac.gov.cn/,010-83083863,010-63097400  63097335,025-84665985
003000,中央档案馆国家档案局,中国第一历史档案馆,中央党群机关参照公务员法管理事业单位,满文处一级主任科员及以下,特殊专业职位,其他职位,满文档案整理翻译,100249003001,中央,中央机关及其省级直属机构综合管理类,1,中国少数民族语言文学、中国古典文献学、历史文献学、中国古代史、专门史、历史学、民族学（以上专业限满文、锡伯文方向）,本科及以上,与最高学历相对应的学位,不限,无限制,无限制,是,5:1,北京市,北京市,加试专业能力测试（专业能力测试主要内容为清代满语文语音语法及翻译，同时考察蒙文基础，占综合成绩的比重为15%），限以主修学位报考。咨询电话：010-63097400、63097876.,http://www.saac.gov.cn/,010-83083863,010-63097400  63097335,025-84665985
003000,中央档案馆国家档案局,中国第二历史档案馆,中央党群机关参照公务员法管理事业单位,安保处一级主任科员及以下,普通职位,其他职位,馆区相关设备管理。,100210004001,中央,中央机关及其省级直属机构综合管理类,1,集成电路设计与集成系统、计算机科学与技术、电子与计算机工程,仅限本科,学士,中共党员,无限制,无限制,否,5:1,江苏省南京市,江苏省南京市,“专业”要求为《普通高等学校本科专业目录（2020）》中的专业名称，非学科门类。限以主修学位进行报考，留学回国人员所学专业及所获学位均应符合岗位要求。咨询电话：025-84665985.,http://www.saac.gov.cn/,010-83083863,010-63097400  63097335,025-84665985
003000,中央档案馆国家档案局,中国第二历史档案馆,中央党群机关参照公务员法管理事业单位,行政财务处一级主任科员及以下,普通职位,其他职位,国有资产管理相关工作,100210004002,中央,中央机关及其省级直属机构综合管理类,1,会计学、审计学，法学（民商法学方向、经济法学方向）,本科及以上,与最高学历相对应的学位,中共党员,无限制,无限制,否,5:1,江苏省南京市,江苏省南京市,“专业”要求为《普通高等学校本科专业目录（2020）》中的专业名称，非学科门类，限以主修学位进行报考，留学回国人员所学专业及所获学位均应符合岗位要求。咨询电话：025-84665985.,http://www.saac.gov.cn/,010-83083863,010-63097400  63097335,025-84665985
003000,中央档案馆国家档案局,中国第二历史档案馆,中央党群机关参照公务员法管理事业单位,离退休干部处一级主任科员及以下,普通职位,其他职位,老干部服务与管理相关工作,100210004003,中央,中央机关及其省级直属机构综合管理类,1,政治学与行政学、思想政治教育、行政管理、社会工作,本科及以上,与最高学历相对应的学位,中共党员,无限制,无限制,否,5:1,江苏省南京市,江苏省南京市,“专业”要求为《普通高等学校本科专业目录（2020）》中的专业名称，非学科门类，限以主修学位进行报考，留学回国人员所学专业及所获学位均应符合岗位要求。咨询电话：025-84665985.,http://www.saac.gov.cn/,010-83083863,010-63097400  63097335,025-84665985
003000,中央档案馆国家档案局,中国第二历史档案馆,中央党群机关参照公务员法管理事业单位,保管处一级主任科员及以下,普通职位,其他职位,档案保管工作,100210004004,中央,中央机关及其省级直属机构综合管理类,2,图书馆学、档案学、信息资源管理、情报学,本科及以上,与最高学历相对应的学位,中共党员,无限制,无限制,否,5:1,江苏省南京市,江苏省南京市,“专业”要求为《普通高等学校本科专业目录（2020）》中的专业名称，非学科门类，限以主修学位进行报考，留学回国人员所学专业及所获学位均应符合岗位要求。咨询电话：025-84665985.,http://www.saac.gov.cn/,010-83083863,010-63097400  63097335,025-84665985
003000,中央档案馆国家档案局,中国第二历史档案馆,中央党群机关参照公务员法管理事业单位,利用处一级主任科员及以下,普通职位,其他职位,档案对外利用工作,100210004005,中央,中央机关及其省级直属机构综合管理类,1,档案学,本科及以上,与最高学历相对应的学位,中共党员,无限制,无限制,否,5:1,江苏省南京市,江苏省南京市,“专业”要求为《普通高等学校本科专业目录（2020）》中的专业名称，非学科门类，限以主修学位进行报考，留学回国人员所学专业及所获学位均应符合岗位要求。咨询电话：025-84665985.,http://www.saac.gov.cn/,010-83083863,010-63097400  63097335,025-84665985
003000,中央档案馆国家档案局,中国第二历史档案馆,中央党群机关参照公务员法管理事业单位,整理编目处一级主任科员及以下,普通职位,其他职位,民国档案整理与编目工作,100210004006,中央,中央机关及其省级直属机构综合管理类,1,档案学、中国近现代史、中国史（中国近现代史方向）,仅限硕士研究生,硕士,不限,无限制,无限制,否,5:1,江苏省南京市,江苏省南京市,“专业”要求为《普通高等学校本科专业目录（2020）》中的专业名称，非学科门类，限以主修学位进行报考，留学回国人员所学专业及所获学位均应符合岗位要求。咨询电话：025-84665985.,http://www.saac.gov.cn/,010-83083863,010-63097400  63097335,025-84665985
003000,中央档案馆国家档案局,中国第二历史档案馆,中央党群机关参照公务员法管理事业单位,利用处一级主任科员及以下,普通职位,其他职位,档案对外利用工作,100210004007,中央,中央机关及其省级直属机构综合管理类,1,中国近现代史、中国史（中国近现代史方向）,仅限硕士研究生,硕士,中共党员,无限制,无限制,否,5:1,江苏省南京市,江苏省南京市,“专业”要求为《普通高等学校本科专业目录（2020）》中的专业名称，非学科门类，限以主修学位进行报考，留学回国人员所学专业及所获学位均应符合岗位要求。咨询电话：025-84665985.,http://www.saac.gov.cn/,010-83083863,010-63097400  63097335,025-84665985
003000,中央档案馆国家档案局,中国第二历史档案馆,中央党群机关参照公务员法管理事业单位,民国档案目录中心一级主任科员及以下,普通职位,其他职位,全国民国档案目录管理与民国史研究工作。,100210004008,中央,中央机关及其省级直属机构综合管理类,1,中国近现代史、中国史（中国近现代史方向）,仅限硕士研究生,硕士,中共党员,无限制,无限制,否,5:1,江苏省南京市,江苏省南京市,“专业”要求为《普通高等学校本科专业目录（2020）》中的专业名称，非学科门类，限以主修学位进行报考，留学回国人员所学专业及所获学位均应符合岗位要求。咨询电话：025-84665985.,http://www.saac.gov.cn/,010-83083863,010-63097400  63097335,025-84665985
006000,中央宣传部,新闻局,中央党群机关,新闻研究处一级主任科员及以下,普通职位,其他职位,新闻宣传管理,100110001001,中央,中央机关及其省级直属机构综合管理类,1,新闻传播学、法学、经济学、管理学、历史学,仅限硕士研究生,硕士,中共党员,二年,无限制,是,5:1,北京市西城区,北京市西城区,"1.各学习阶段均要求有相应学历、学位，有较强的文字功底。
2.面试阶段组织新闻专业能力测试，占综合成绩比重为15%。",www.wenming.cn,010-63095012,010-83083010,
006000,中央宣传部,新闻局,中央党群机关,应急新闻处一级主任科员及以下,普通职位,其他职位,新闻宣传管理,100110001002,中央,中央机关及其省级直属机构综合管理类,1,新闻传播学、法学、经济学、管理学、历史学,仅限硕士研究生,硕士,中共党员,二年,无限制,是,5:1,北京市西城区,北京市西城区,"1.各学习阶段均要求有相应学历、学位，有较强的文字功底。
2.面试阶段组织新闻专业能力测试，占综合成绩比重为15%。",www.wenming.cn,010-63095012,010-83083010,
006000,中央宣传部,出版局,中央党群机关,研究处一级主任科员及以下,普通职位,其他职位,文稿起草、出版政策及重大问题研究,100110002001,中央,中央机关及其省级直属机构综合管理类,1,中国历史,仅限硕士研究生,硕士,中共党员,二年,无限制,是,5:1,北京市西城区,北京市西城区,"各学习阶段均要求有相应学历、学位，具备较强的学习能力和扎实的文字功底。
面试阶段组织专业能力测试，主要考查综合文字能力，占综合成绩比重为15%。",www.wenming.cn,010-63095012,010-83083010,
006000,中央宣传部,宣传教育局,中央党群机关,办公室一级主任科员及以下,普通职位,其他职位,综合调研、文件起草、会议活动组织,100110003001,中央,中央机关及其省级直属机构综合管理类,2,哲学、法学、管理学,硕士研究生及以上,与最高学历相对应的学位,中共党员,二年,无限制,是,5:1,北京市西城区,北京市西城区,"1.各学习阶段均要求有相应学历、学位，有较强的文字功底。
2.面试阶段组织专业能力测试，主要考查综合文字能力，占综合成绩比重为15%。",www.wenming.cn,010-63095012,010-83083010,
006000,中央宣传部,宣传教育局,中央党群机关,道德教育处一级主任科员及以下,普通职位,其他职位,综合文件运转、法律法规研究、会议活动组织,100110003002,中央,中央机关及其省级直属机构综合管理类,1,法学、公共管理、行政管理,硕士研究生及以上,与最高学历相对应的学位,中共党员,二年,无限制,是,5:1,北京市西城区,北京市西城区,"1.各学习阶段均要求有相应学历、学位，有较强的文字功底。
2.面试阶段组织专业能力测试，主要考查综合文字能力，占综合成绩比重为15%。",www.wenming.cn,010-63095012,010-83083010,
006000,中央宣传部,电影局,中央党群机关,办公室一级主任科员及以下,普通职位,其他职位,综合文秘管理,100110004001,中央,中央机关及其省级直属机构综合管理类,1,哲学、法学、管理学、文学、艺术学,硕士研究生及以上,与最高学历相对应的学位,中共党员,二年,无限制,是,5:1,北京市西城区,北京市西城区,1.各学习阶段均要求有相应学历、学位。2.文字能力突出、综合协调能力强。3.可适应经常性加班、应急工作。4.面试阶段组织专业能力测试，主要考查综合文字能力，占综合成绩比重为15%。,www.wenming.cn,010-63095012,010-83083010,
006000,中央宣传部,电影局,中央党群机关,创作处一级主任科员及以下,普通职位,其他职位,创作制片管理,100110004002,中央,中央机关及其省级直属机构综合管理类,1,中文、历史学、电影学,硕士研究生及以上,与最高学历相对应的学位,中共党员,二年,无限制,是,5:1,北京市西城区,北京市西城区,1.各学习阶段均要求有相应学历、学位。2.有较强的文字功底、把关意识和艺术鉴赏能力。3.面试阶段组织专业能力测试，主要考查综合文字能力，占综合成绩比重为15%。,www.wenming.cn,010-63095012,010-83083010,
006000,中央宣传部,中央文明办秘书局,中央党群机关,督查联络处一级主任科员及以下,普通职位,其他职位,文件起草、组织协调,100110005001,中央,中央机关及其省级直属机构综合管理类,1,中文、历史、哲学、马克思主义理论、政治学,仅限硕士研究生,硕士,中共党员,二年,无限制,是,5:1,北京市西城区,北京市西城区,"1.各学习阶段均要求有相应学历、学位，有较强的文字功底。
2.面试阶段组织专业能力测试，主要考查综合文字能力，占综合成绩比重为15%。",www.wenming.cn,010-63095012,010-83083010,
006000,中央宣传部,中央文明办三局,中央党群机关,文明风尚培育处一级主任科员及以下,普通职位,其他职位,基层调研、文件起草、会议组织,100110006001,中央,中央机关及其省级直属机构综合管理类,1,马克思主义哲学、历史学、政治学、社会学,仅限硕士研究生,硕士,中共党员,二年,无限制,是,5:1,北京市西城区,北京市西城区,各学习阶段均要求有相应学历、学位，有较强的文字功底。面试阶段组织专业能力测试，主要考查综合文字能力，占综合成绩比重为15%。,www.wenming.cn,010-63095012,010-83083010,
006000,中央宣传部,宣传舆情研究中心,中央党群机关参照公务员法管理事业单位,社会文化研究部一级主任科员及以下,普通职位,其他职位,宣传思想文化研究,100210007001,中央,中央机关及其省级直属机构综合管理类,1,社会学、经济学、历史学,硕士研究生及以上,与最高学历相对应的学位,中共党员,二年,无限制,是,5:1,北京市西城区,北京市西城区,各学习阶段均要求有相应学历、学位，有较强的文字功底。有宣传思想文化一线工作经历。面试阶段组织专业能力测试，主要考查综合文字能力，占综合成绩比重为15%。,www.wenming.cn,010-63095012,010-83083010,
006000,中央宣传部,中国政研会秘书处,群团机关,办公室一级主任科员及以下,普通职位,其他职位,财务管理、预算制定,100310008001,中央,中央机关及其省级直属机构综合管理类,1,会计学、财务管理,本科及以上,与最高学历相对应的学位,中共党员,二年,无限制,是,5:1,北京市西城区,北京市西城区,"1.各学习阶段均要求有相应学历、学位，有较强的文字功底，从事财务相关岗位2年及以上。
2.面试阶段组织专业能力测试，主要考查综合文字能力，占综合成绩比重为15%。",www.wenming.cn,010-63095012,010-83083010,
006000,中央宣传部,政策法规研究室,中央党群机关,行政复议处一级主任科员及以下,普通职位,其他职位,研究其他宣传文化领域法规，办理行政复议、行政应诉案件，开展执法文书法制审核,100110009001,中央,中央机关及其省级直属机构综合管理类,1,法律,硕士研究生及以上,与最高学历相对应的学位,中共党员,二年,无限制,是,5:1,北京市西城区,北京市西城区,本科为法律专业，研究生为民商法、宪法行政法方向或法律硕士；通过国家统一法律职业资格考试；具有较强的综合文字能力，能适应经常加班。面试阶段组织专业能力测试，主要考查综合文字能力，占综合成绩比重为15%。,www.wenming.cn,010-63095012,010-83083010,
009000,中央对外联络部,综合业务局、地区局,中央党群机关,一级主任科员及以下（综合调研）,普通职位,其他职位,负责综合调研办案工作。,100110001001,中央,中央机关及其省级直属机构综合管理类,17,政治学理论、中外政治制度、外交学、外国语言文学、国际政治、国际关系、国际法学、科社与共运、中共党史、思想政治教育、马克思主义中国化研究、世界史、国际政治经济学、世界经济、政治经济学、行政管理等,硕士研究生及以上,与最高学历相对应的学位,中共党员或共青团员,无限制,无限制,是,5:1,北京市海淀区,北京市海淀区,1、大学英语六级425分以上或英语专业八级合格（网上报名时，请在备注栏注明英语水平等级及分数），能用英语独立开展工作。2、具有较强的调研能力和较高的文字水平。3、具有较强的组织协调能力和团队精神。4、计算机操作熟练。5、留学回国人员须拥有国内硕士研究生学历。6、非2022年高校毕业生须专职从事外事工作或国际问题研究。7、网上报名时请务必按照我部网站考录公告要求填报资料。8、专业能力测试的内容为英语能力测试，占综合成绩的比重为10%。,www.idcpc.gov.cn,010-83908009,,
009000,中央对外联络部,综合业务局、地区局,中央党群机关,一级主任科员及以下（英语翻译）,普通职位,其他职位,负责有关英语国家联络调研工作，承担有关交替传译和同声传译任务。,100110001002,中央,中央机关及其省级直属机构综合管理类,2,英语（同声传译、口译、英语语言文学、翻译学等）,本科或硕士研究生,与最高学历相对应的学位,中共党员或共青团员,无限制,无限制,是,5:1,北京市海淀区,北京市海淀区,1、英语口笔译能力突出，能用英语独立开展工作（网上报名时，请在备注栏注明英语水平等级及分数）。2、具有较高的中英文写作水平。3、具有较强的组织协调能力和团队精神。4、计算机操作熟练。5、非2022年高校毕业生须专职从事翻译工作，并有大型国际会议同声传译经历。6、原则上应通过中联部翻译水平考试。7、网上报名时请务必按照我部网站考录公告要求填报资料。8、专业能力测试的内容为专业英语能力测试，占综合成绩的比重为10%。,www.idcpc.gov.cn,010-83908009,,
009000,中央对外联络部,三局,中央党群机关,一级主任科员及以下（阿拉伯语翻译）,非通用语职位（阿拉伯语）,其他职位,负责阿拉伯语国家政党、政治组织的联络调研工作。,100121002001,中央,中央机关及其省级直属机构综合管理类,3,阿拉伯语,本科或硕士研究生,与最高学历相对应的学位,中共党员或共青团员,无限制,无限制,是,8:1,北京市海淀区,北京市海淀区,1、阿拉伯语口笔译能力较强，能用阿拉伯语独立开展工作。2、大学英语四级425分以上（网上报名时，请在备注栏注明英语水平等级及分数）。3、具有较高的中文写作水平。4、具有较强的组织协调能力和团队精神。5、计算机操作熟练。6、非2022年高校毕业生须专职从事翻译工作，并有大型国际会议同声传译经历。7、原则上应通过中联部翻译水平考试。8、网上报名时请务必按照我部网站考录公告要求填报资料。9、专业能力测试的内容为本专业外语能力测试，占综合成绩的比重为10%。,www.idcpc.gov.cn,010-83908009,,
009000,中央对外联络部,三局,中央党群机关,一级主任科员及以下（土耳其语翻译）,非通用语职位（其他）,其他职位,"负责土耳其政党、
政治组织的联络调研工作。",100129002001,中央,中央机关及其省级直属机构综合管理类,1,土耳其语,本科或硕士研究生,与最高学历相对应的学位,中共党员或共青团员,无限制,无限制,是,8:1,北京市海淀区,北京市海淀区,1、土耳其语口笔译能力较强，能用土耳其语独立开展工作。2、大学英语四级425分以上（网上报名时，请在备注栏注明英语水平等级及分数）。3、具有较高的中文写作水平。4、具有较强的组织协调能力和团队精神。5、计算机操作熟练。6、非2022年高校毕业生须专职从事翻译工作，并有大型国际会议同声传译经历。7、原则上应通过中联部翻译水平考试。8、网上报名时请务必按照我部网站考录公告要求填报资料。9、专业能力测试的内容为本专业外语能力测试，占综合成绩的比重为10%。,www.idcpc.gov.cn,010-83908009,,
009000,中央对外联络部,五局,中央党群机关,一级主任科员及以下（西班牙语翻译）,非通用语职位（西班牙语）,其他职位,负责拉美地区西班牙语国家政党、政治组织的联络调研工作。,100127003001,中央,中央机关及其省级直属机构综合管理类,2,西班牙语,本科或硕士研究生,与最高学历相对应的学位,中共党员或共青团员,无限制,无限制,是,8:1,北京市海淀区,北京市海淀区,1、西班牙语口笔译能力较强，能用西班牙语独立开展工作。2、大学英语四级425分以上（网上报名时，请在备注栏注明英语水平等级及分数）。3、具有较高的中文写作水平。4、具有较强的组织协调能力和团队精神。5、计算机操作熟练。6、非2022年高校毕业生须专职从事翻译工作，并有大型国际会议同声传译经历。7、原则上应通过中联部翻译水平考试。8、网上报名时请务必按照我部网站考录公告要求填报资料。9、专业能力测试的内容为本专业外语能力测试，占综合成绩的比重为10%。,www.idcpc.gov.cn,010-83908009,,
009000,中央对外联络部,办公厅,中央党群机关,一级主任科员及以下（财务审计）,普通职位,其他职位,负责经费日常会计核算、管理、审计等有关工作。,100110004001,中央,中央机关及其省级直属机构综合管理类,2,财务管理、会计学、审计学,本科或硕士研究生,与最高学历相对应的学位,中共党员或共青团员,二年,无限制,是,5:1,北京市海淀区,北京市海淀区,1、大学英语六级425分以上或英语专业八级合格（网上报名时，请在备注栏注明英语水平等级及分数），能用英语独立开展工作。2、具有较高的文字水平。3、具有较强的组织协调能力和团队精神。4、计算机操作熟练。5、留学回国人员须拥有国内硕士研究生学历。6、网上报名时请务必按照我部网站考录公告要求填报资料。7、专业能力测试的内容为本专业知识能力测试，占综合成绩的比重为10%。,www.idcpc.gov.cn,010-83908009,,
014000,中央网信办,政策研究局,中央党群机关,业务处一级主任科员及以下,普通职位,其他职位,参与网信领域政策研究、文稿起草等工作,100110001001,中央,中央机关及其省级直属机构综合管理类,1,马克思主义哲学、马克思主义理论类,硕士研究生及以上,与最高学历相对应的学位,中共党员,二年,无限制,否,5:1,北京市,北京市,各学习阶段均要求有相应学历、学位；职位要求专业为报考者最高学历对应专业（须为主修专业）；可适应经常值班、加班工作。,http://www.cac.gov.cn,010-55635985,,
014000,中央网信办,网络综合治理局,中央党群机关,业务处一级主任科员及以下（一）,普通职位,其他职位,参与网信领域立法、执法等工作,100110002001,中央,中央机关及其省级直属机构综合管理类,1,法学、法律,仅限硕士研究生,与最高学历相对应的学位,中共党员,二年,无限制,否,5:1,北京市,北京市,各学习阶段均要求有相应学历、学位；职位要求专业为报考者最高学历对应专业（须为主修专业），此处“法学”为特指，不包括授予法学学位的政治学类、社会学类、公安学类专业，亦不包括法学类下设的监狱学、司法警察学等专业；可适应经常值班、加班工作。,http://www.cac.gov.cn,010-55635985,,
014000,中央网信办,网络综合治理局,中央党群机关,业务处一级主任科员及以下（二）,普通职位,其他职位,参与网信领域新经济新业态监管等工作,100110002002,中央,中央机关及其省级直属机构综合管理类,1,产业经济学、金融学、数字经济,仅限硕士研究生,与最高学历相对应的学位,中共党员,二年,无限制,否,5:1,北京市,北京市,各学习阶段均要求有相应学历、学位；职位要求专业为报考者最高学历对应专业（须为主修专业）；可适应经常值班、加班工作。,http://www.cac.gov.cn,010-55635985,,
014000,中央网信办,财务局,中央党群机关,业务处一级主任科员及以下,普通职位,其他职位,参与机关财务管理等工作,100110003001,中央,中央机关及其省级直属机构综合管理类,1,财务管理、会计学、审计学,硕士研究生及以上,与最高学历相对应的学位,中共党员,二年,无限制,否,5:1,北京市,北京市,各学习阶段均要求有相应学历、学位；职位要求专业为报考者最高学历对应专业（须为主修专业）；可适应经常值班、加班工作。,http://www.cac.gov.cn,010-55635985,,
014000,中央网信办,互联网舆情中心,中央党群机关参照公务员法管理事业单位,业务处一级主任科员及以下,普通职位,其他职位,参与舆情分析相关工作,100210101001,中央,中央机关及其省级直属机构综合管理类,1,政治学类、社会学、汉语言文学、新闻学、传播学,硕士研究生及以上,与最高学历相对应的学位,中共党员,无限制,无限制,否,5:1,北京市,北京市,各学习阶段均要求有相应学历、学位；职位要求专业为报考者最高学历对应专业（须为主修专业），此处“社会学”为特指，不包括社会学类下设的人类学、家政学、民族学等专业；可适应经常值班、加班工作。,http://www.cac.gov.cn,010-55635985,,
016000,中央台办,秘书局国资处,中央党群机关,一级主任科员及以下,普通职位,其他职位,无,100110001001,中央,中央机关及其省级直属机构综合管理类,1,会计、审计类,硕士研究生及以上,与最高学历相对应的学位,中共党员,二年,无限制,否,5:1,北京市,北京市,有会计、审计相关工作经验,http://www.gwytb.gov.cn,010-83912203,010-83912246,010-83912303
016000,中央台办,业务司局,中央党群机关,一级主任科员及以下,普通职位,其他职位,无,100110002001,中央,中央机关及其省级直属机构综合管理类,5,政治、法律、经济、新闻传播类,硕士研究生及以上,与最高学历相对应的学位,中共党员,二年,无限制,否,5:1,北京市,北京市,,http://www.gwytb.gov.cn,010-83912203,010-83912246,010-83912303
020000,中央和国家机关工委,中央和国家机关党校,中央党群机关参照公务员法管理事业单位,业务部门一级主任科员及以下,普通职位,其他职位,主要从事教学设计、教学资源协调、教学评估和学员管理等工作。,100210002001,中央,中央机关及其省级直属机构综合管理类,2,人文社科类,硕士研究生及以上,与最高学历相对应的学位,中共党员,无限制,无限制,是,5:1,北京市昌平区,北京市西城区,1.本科、研究生阶段均具有相应学历学位；2.有较强的文字综合能力和组织协调能力；3.专业能力测试占综合成绩的15%，主要测查公文写作能力；4.能适应24小时值班需要。,http://www.qizhiwang.org.cn/,010-55603547,010-83087459,
020000,中央和国家机关工委,老干部活动中心,中央党群机关参照公务员法管理事业单位,综合管理岗一级主任科员及以下,普通职位,其他职位,主要从事文稿起草、行政管理等工作。,100210003001,中央,中央机关及其省级直属机构综合管理类,2,哲学、文学、法学、历史学、经济学等人文社科类专业,本科或硕士研究生,与最高学历相对应的学位,中共党员,无限制,无限制,是,5:1,北京市东城区,北京市西城区,1.本科、研究生阶段均具有相应学历学位；2.有较强的文字综合能力和组织协调能力；3.专业能力测试占综合成绩的15%，主要测查公文写作能力。,http://www.qizhiwang.org.cn/,010-55603547,010-83087459,
024000,中央党史和文献研究院,研究部1,中央党群机关参照公务员法管理事业单位,编研岗一级主任科员及以下,普通职位,其他职位,主要从事党史和文献编辑与研究工作,100210001001,中央,中央机关及其省级直属机构综合管理类,5,中共党史、中国近现代史、政治经济学、经济思想史、马克思主义理论（思想政治教育除外）、汉语言文学、外交学、军事思想及军事历史等相关专业,硕士研究生及以上,与最高学历相对应的学位,中共党员,无限制,无限制,是,5:1,北京市,北京市,非应届毕业生应具有2年以上党史和文献编辑与研究相关工作经历。专业能力测试的内容为党史和文献业务，占综合成绩的比重为15%。,www.dswxyjy.org.cn,010-83086987,010-55602468,
025000,中国外文局,办公室,中央党群机关参照公务员法管理事业单位,综合管理处一级主任科员及以下,普通职位,其他职位,整理、上报有关工作信息和报告；起草、处理、流转机关公文；参与组织有关会议和活动；做好文档、值班、人才队伍有关日常管理工作。,100210001001,中央,中央机关及其省级直属机构综合管理类,3,学科门类为哲学、法学、文学、历史学、管理学的相关专业,硕士研究生及以上,与最高学历相对应的学位,中共党员,无限制,无限制,是,5:1,北京市西城区,北京市西城区,具有一定的分析归纳、综合协调、公文写作、语言沟通能力；做事严谨细致，能够根据工作需要长期值夜班；具有较高外语水平。专业能力测试范围：时事政治、综合知识、文稿起草、分析归纳等水平。专业能力测试成绩占综合成绩的15%。,www.cipg.org.cn,010-68995870,,
026000,中国浦东干部学院,办公厅,中央党群机关参照公务员法管理事业单位,财务与资产管理处一级主任科员及以下,普通职位,其他职位,从事财务核算相关工作,100210001001,中央,中央机关及其省级直属机构综合管理类,1,财政学、会计学,本科及以上,与最高学历相对应的学位,中共党员,三年,无限制,否,5:1,上海市浦东新区,上海市浦东新区,具备会计相关工作经历,www.celap.org.cn,021-28288073,021-28289861,
026000,中国浦东干部学院,人力资源部（机关党委）,中央党群机关参照公务员法管理事业单位,工资福利处（综合处）一级主任科员及以下,普通职位,其他职位,从事综合管理类事务,100210002001,中央,中央机关及其省级直属机构综合管理类,2,法学类、公共管理类、中国语言文学类,硕士研究生及以上,与最高学历相对应的学位,中共党员,二年,无限制,否,5:1,上海市浦东新区,上海市浦东新区,具备较强的沟通协调能力和较好的文字功底,www.celap.org.cn,021-28288073,021-28289861,
029000,全国人大,常委会办公厅外事局,中央党群机关,国际处一级主任科员及以下,普通职位,其他职位,从事全国人大与国际议会组织交往、举办或出席国际会议的有关工作；承担政策研究、礼宾、翻译、文稿起草等外事业务；根据工作需要，到驻外馆（团）工作。,100110104001,中央,中央机关及其省级直属机构综合管理类,1,英语、国际法学、国际政治、国际关系、外交学,本科及以上,与最高学历相对应的学位,中共党员或共青团员,无限制,无限制,是,8:1,北京市,北京市,"英语基础扎实，能用英语独立开展工作；英语专业的应届研究生毕业生和非应届毕业生应通过英语专业八级考试，英语专业的应届本科毕业生英语专业四级考试成绩应达到良好，非英语专业的报考人员大学英语六级成绩应达到550分以上（在备注栏中注明考试名称、成绩）；限以主修专业报考，高等教育各学习阶段均获得学历学位；非应届人员应为在职状态。报考时填写个人学习、工作经历要求连续准确（按时间早晚顺序填写，起止节点具体至月份，待业经历请注明）。
面试时组织英语专业测试，内容包括英语问答、英汉互译（口笔译）；专业测试成绩占综合成绩的15%；专业测试不指定参考书目，参加测试时不得携带工具书等参考资料或辅助电子设备。",www.npc.gov.cn,010-53365972,,
029000,全国人大,常委会法制工作委员会民法室,中央党群机关,一处一级主任科员及以下,普通职位,其他职位,从事民事立法及研究工作。,100110205001,中央,中央机关及其省级直属机构综合管理类,1,民商法学、诉讼法学（民事诉讼方向）,仅限硕士研究生,硕士,中共党员,二年,无限制,否,8:1,北京市,北京市,限以主修专业报考，高等教育各学习阶段均获得学历学位；通过国家法律职业资格考试，并取得A证；非应届人员应为在职状态。报考时填写个人学习、工作经历要求连续准确（按时间早晚顺序填写，起止节点具体至月份，待业经历请注明）。,www.npc.gov.cn,010-53365972,,
029000,全国人大,机关采购中心,中央党群机关参照公务员法管理事业单位,业务一处一级主任科员及以下,普通职位,其他职位,从事采购文件编制、项目评审组织等政府采购有关工作。,100210901001,中央,中央机关及其省级直属机构综合管理类,1,电气工程、土木工程,仅限硕士研究生,硕士,中共党员或共青团员,无限制,无限制,否,8:1,北京市,北京市,限以主修专业报考，高等教育各学习阶段均获得学历学位；非应届人员应为在职状态。报考时填写个人学习、工作经历要求连续准确（按时间早晚顺序填写，起止节点具体至月份，待业经历请注明）。,www.npc.gov.cn,010-53365972,,
029000,全国人大,机关采购中心,中央党群机关参照公务员法管理事业单位,业务二处一级主任科员及以下,普通职位,其他职位,从事预算执行监控、数据分析、绩效评价、国库实务等预算管理有关工作。,100210901002,中央,中央机关及其省级直属机构综合管理类,1,会计、审计、财务管理,本科或硕士研究生,与最高学历相对应的学位,中共党员或共青团员,无限制,无限制,否,8:1,北京市,北京市,限以主修专业报考，高等教育各学习阶段均获得学历学位；非应届人员应为在职状态。报考时填写个人学习、工作经历要求连续准确（按时间早晚顺序填写，起止节点具体至月份，待业经历请注明）。,www.npc.gov.cn,010-53365972,,
031000,最高人民法院,审判部门,中央党群机关,法官助理职位一级法官助理及以下,普通职位,其他职位,司法审判相关工作,100110001001,中央,中央机关及其省级直属机构综合管理类,7,法律相关专业,硕士研究生及以上,与最高学历相对应的学位,中共党员,二年,无限制,否,5:1,北京市东城区,北京市东城区,取得国家统一法律职业资格（A证），具有2年以上法律相关工作经历，法学理论功底扎实，调研文字能力和开拓创新意识强。,http://www.court.gov.cn/,010-67556370,010-67556327,
031000,最高人民法院,综合部门,中央党群机关,综合文字职位一级主任科员及以下,普通职位,其他职位,司法政策理论研究、综合文稿起草、办公室日常事务等工作,100110002001,中央,中央机关及其省级直属机构综合管理类,7,中文、新闻、历史、法律、哲学、社会学、行政管理等相关专业,硕士研究生及以上,与最高学历相对应的学位,中共党员,二年,无限制,否,5:1,北京市东城区,北京市东城区,具有2年以上相关工作经历，专业功底扎实，调研文字能力和开拓创新意识强。,http://www.court.gov.cn/,010-67556370,010-67556327,
031000,最高人民法院,综合部门,中央党群机关,审计职位一级主任科员以下,普通职位,其他职位,审计、财务相关工作；财务政策研究，相关文稿起草等工作,100110002002,中央,中央机关及其省级直属机构综合管理类,1,审计、会计、财务管理等相关专业,硕士研究生及以上,与最高学历相对应的学位,中共党员,二年,无限制,否,5:1,北京市东城区,北京市东城区,具有2年以上相关工作经历，专业功底扎实，调研文字能力和开拓创新意识强。,http://www.court.gov.cn/,010-67556370,010-67556327,
037000,农工党中央,办公厅,中央党群机关,行政处一级主任科员及以下,普通职位,其他职位,从事本单位工程项目立项、招投标、工程合同管理等有关工作,100110001001,中央,中央机关及其省级直属机构综合管理类,1,研究生：1201管理科学与工程、1256工程管理，并且本科须为120103工程管理、120105工程造价或081001土木工程专业,硕士研究生及以上,与最高学历相对应的学位,不限,二年,无限制,是,5:1,北京市东城区,北京市东城区,要求具有1年以上工程项目管理从业经验；报考者须同时具有本科学历学位和研究生学历学位。专业能力测试占综合成绩的15%，主要测试：工程项目管理流程、工程项目风险防控，工程招投标业务知识，建设工程合同管理，工程管理相关法律、法规、政策及行业规范等。,www.ngd.org.cn,010-84111834,010-84111906,
037000,农工党中央,宣传部,中央党群机关,信息处一级主任科员及以下,普通职位,其他职位,新闻宣传报道采编发、新媒体宣传活动组织策划、思想政治工作理论研究及宣传部其他有关工作,100110002001,中央,中央机关及其省级直属机构综合管理类,1,0101哲学、0301法学、0302政治学、0501中国语言文学、0503新闻传播学,硕士研究生及以上,与最高学历相对应的学位,不限,二年,无限制,是,5:1,北京市东城区,北京市东城区,报考者须同时具有本科学历学位和研究生学历学位。专业能力测试占综合成绩的15%，主要测试：新闻稿件撰写、活动策划方案、思想政治调研报告、讲话材料撰写等。,www.ngd.org.cn,010-84111834,010-84111906,
037000,农工党中央,社会服务部,中央党群机关,经济科技法律处一级主任科员及以下,普通职位,其他职位,实施乡村振兴战略有关项目的对接、落实，组织相关会议、活动、调研等,100110003001,中央,中央机关及其省级直属机构综合管理类,1,0303社会学、0903农业资源与环境,硕士研究生及以上,与最高学历相对应的学位,中共党员,二年,无限制,是,5:1,北京市东城区,北京市东城区,报考者须同时具有本科学历学位和研究生学历学位。专业能力测试占综合成绩的15%，主要测试：文件起草、总结讲话的撰写及对社会服务工作承载内容的理解等。有驻村任务。,www.ngd.org.cn,010-84111834,010-84111906,
037000,农工党中央,参政议政部,中央党群机关,调研处一级主任科员及以下,普通职位,其他职位,从事调查研究工作，提出政策建议，起草议政建言重要会议材料等,100110004001,中央,中央机关及其省级直属机构综合管理类,1,1001基础医学、1002临床医学、1004公共卫生与预防医学,硕士研究生及以上,与最高学历相对应的学位,不限,二年,无限制,是,5:1,北京市东城区,北京市东城区,报考者须同时具有本科学历学位和研究生学历学位。专业能力测试占综合成绩的15%，主要测试：医学综合知识、卫生健康政策法规测试以及文稿写作等。,www.ngd.org.cn,010-84111834,010-84111906,
037000,农工党中央,研究室,中央党群机关,综合处一级主任科员及以下,普通职位,其他职位,民主党派建言咨政、参政党理论研究及文稿写作等,100110005001,中央,中央机关及其省级直属机构综合管理类,2,0202应用经济学、0301法学、0302政治学、0305马克思主义理论、0252应用统计、1204公共管理、1053公共卫生、1252公共管理,硕士研究生及以上,与最高学历相对应的学位,不限,二年,无限制,是,5:1,北京市东城区,北京市东城区,报考者须同时具有本科学历学位和研究生学历学位。专业能力测试占综合成绩的15%，主要测试：习近平新时代中国特色社会主义思想、宏观经济学、统战理论、公共管理、公共卫生测试和文稿写作等。,www.ngd.org.cn,010-84111834,010-84111906,
042000,全国总工会,办公厅,中央党群机关,文电保密处一级主任科员及以下,普通职位,其他职位,"1.参与公文的传阅、跟踪、催办工作；
2.参与公文的初审、保管和归档工作；
3.参与拟制发文件的编号、登记等工作。",100110002001,中央,中央机关及其省级直属机构综合管理类,1,0301法学、0302政治学、0303社会学、0501中国语言文学、1204公共管理（以上专业均不含专业型学位硕士）,本科或硕士研究生,与最高学历相对应的学位,中共党员,无限制,无限制,是,5:1,北京市西城区,北京市西城区,专业能力测试为对给定的公文进行审核把关以及起草有关公文，主要考查公文处理能力，占综合成绩的15%。同等条件下，省部级以上劳动模范、一线优秀工会工作者优先录用。,www.acftu.org.cn,010-68592023,010-68592049,
042000,全国总工会,宣传教育部,中央党群机关,综合处一级主任科员及以下,普通职位,其他职位,"1.参与部门工作计划、总结、通知、公函等公文起草和会议、活动等组织筹备；
2.参与部门综合性课题的调查研究和报告的起草；
3.负责部门文电运转、档案管理、服务保障等；
4.完成部门领导交办的其他工作；
5.需要适应经常性出差。",100110003001,中央,中央机关及其省级直属机构综合管理类,1,0101哲学、 0201理论经济学、 0302政治学、 0303社会学、 0305马克思主义理论、 0503新闻传播学、 1204公共管理（以上专业均不含专业型学位硕士）,硕士研究生及以上,与最高学历相对应的学位,中共党员,无限制,无限制,是,5:1,北京市西城区,北京市西城区,专业能力测试为根据给定材料起草文稿，主要考查文字能力，占综合成绩的15%。同等条件下，省部级以上劳动模范、一线优秀工会工作者优先录用。,www.acftu.org.cn,010-68592023,010-68592049,
042000,全国总工会,研究室,中央党群机关,理论处一级主任科员及以下,普通职位,其他职位,"1.参与党中央关于工人阶级和工会工作重要指示和论述的理论阐释；
2.参与有关工人阶级、工人运动和工会工作重要理论问题的研究；
3.参与全总重要会议有关文件、工会理论文章、调研报告起草；
4.完成部门领导交办的其他工作。",100110004003,中央,中央机关及其省级直属机构综合管理类,1,0201理论经济学、0202应用经济学、0301法学、0302政治学、0303社会学（以上专业均含专业型学位硕士）,硕士研究生及以上,与最高学历相对应的学位,中共党员,无限制,无限制,是,5:1,北京市西城区,北京市西城区,专业能力测试为根据给定材料起草文章，主要考查文字能力，占综合成绩的15%。同等条件下，省部级以上劳动模范、一线优秀工会工作者优先录用。,www.acftu.org.cn,010-68592023,010-68592049,
042000,全国总工会,研究室,中央党群机关,调研处一级主任科员及以下,普通职位,其他职位,"1.参与涉及职工和工会工作重要文献、信息、情报、资料的整理、分析和编发；
2.参与全总重要会议有关文件、工会理论文章、调研报告起草；
3.参与调研资料整理；
4.完成部门领导交办的其他工作。",100110004004,中央,中央机关及其省级直属机构综合管理类,1,0201理论经济学、0202应用经济学、0301法学、0302政治学、0303社会学（以上专业均含专业型学位硕士）,硕士研究生及以上,与最高学历相对应的学位,中共党员,无限制,无限制,是,5:1,北京市西城区,北京市西城区,专业能力测试为根据给定材料起草文章，主要考查文字能力，占综合成绩的15%。同等条件下，省部级以上劳动模范、一线优秀工会工作者优先录用。,www.acftu.org.cn,010-68592023,010-68592049,
042000,全国总工会,劳动和经济工作部,中央党群机关,劳模管理处一级主任科员及以下,普通职位,其他职位,"1.参与全国劳动模范、全国五一劳动奖和工人先锋号的评选表彰、管理服务工作；
2.参与劳模工作相关调查研究和报告的起草；
3.参与工作计划、总结、通知、公函等公文起草和会议、活动等会务组织；
4.完成部门领导交办的其他工作；
5.要求有较强的责任心、纪律意识、抗压能力，能够承担繁重的工作任务，文字能力、组织协调能力较强。",100110005001,中央,中央机关及其省级直属机构综合管理类,1,01哲学、03法学、07理学、08工学（以上专业均含专业型学位硕士）,硕士研究生及以上,与最高学历相对应的学位,中共党员,二年,无限制,是,5:1,北京市西城区,北京市西城区,具有企业工作经历。专业能力测试为根据给定材料起草文章，主要考查综合分析和公文写作能力，占综合成绩的15%。同等条件下，省部级以上劳动模范、一线优秀工会工作者优先录用。,www.acftu.org.cn,010-68592023,010-68592049,
042000,全国总工会,网络工作部,中央党群机关,舆情处一级主任科员及以下,普通职位,其他职位,"1.舆情分析调研职位，参与工会网络舆论引导和网络文化建设工作，组织协调工会网络新媒体内容整合发声。
2.工作强度大，需经常性值班值守和出差。",100110006003,中央,中央机关及其省级直属机构综合管理类,1,0503新闻传播学（含专业型学位硕士）,本科或硕士研究生,与最高学历相对应的学位,中共党员,无限制,无限制,是,5:1,北京市西城区,北京市西城区,专业能力测试为根据给定材料起草文章，主要考查文字能力，占综合成绩的15%。同等条件下，省部级以上劳动模范、一线优秀工会工作者优先录用。,www.acftu.org.cn,010-68592023,010-68592049,
042000,全国总工会,网络工作部,中央党群机关,综合处一级主任科员及以下,普通职位,其他职位,"1.参与部门工作计划、总结、通知、公函等公文起草和会议、活动等会务组织工作；
2.参与部门综合性课题的调查研究和报告的起草；
3.负责部门文电运转、工作督办、档案管理、后勤管理等；
4.参与网络信息化建设相关工作；
5.完成部门领导交办的其他工作；
6.能适应工作强度大，经常性值班值守工作。",100110006004,中央,中央机关及其省级直属机构综合管理类,1,本科：0809计算机类、0807电子信息类；研究生：0812计算机科学与技术、0810信息与通信工程（以上专业均含专业型学位硕士）,本科或硕士研究生,与最高学历相对应的学位,中共党员,无限制,无限制,否,5:1,北京市西城区,北京市西城区,同等条件下，省部级以上劳动模范、一线优秀工会工作者优先录用。,www.acftu.org.cn,010-68592023,010-68592049,
042000,全国总工会,法律工作部,中央党群机关,法律监督处一级主任科员及以下,普通职位,其他职位,"1.参与对违反劳动法律法规和工会法重大案件的调查处理；
2.参与工会法人登记管理工作；
3.起草有关劳动法律法规执行情况的调研报告及其他综合性材料；
4.需要适应经常性出差。",100110007001,中央,中央机关及其省级直属机构综合管理类,1,0301法学（不含专业型学位硕士，本科须为法学专业）,硕士研究生及以上,与最高学历相对应的学位,中共党员,二年,无限制,是,5:1,北京市西城区,北京市西城区,"1..取得法律职业资格证书（A类）；
2.专业能力测试为根据给定材料起草文章，主要考查文字能力，占综合成绩的15%。
3.同等条件下，省部级以上劳动模范、一线优秀工会工作者优先录用。",www.acftu.org.cn,010-68592023,010-68592049,
042000,全国总工会,财务部,中央党群机关,财务监督处一级主任科员及以下,普通职位,其他职位,"1.负责起草工会财务监督和内部控制管理相关制度，检查和调研报告等文稿；
2.负责财务监督检查工作和工会经济运行内部控制的相关工作，推进信息化建设；
3.负责与审计单位的沟通协调服务，处内档案管理工作和其他事务工作；
4.能够适应经常性出差。",100110008001,中央,中央机关及其省级直属机构综合管理类,1,0257审计、1253会计、020203财政学、020204金融学、020207劳动经济学、120201会计学、120202企业管理,硕士研究生及以上,与最高学历相对应的学位,中共党员,无限制,无限制,否,5:1,北京市西城区,北京市西城区,同等条件下，省部级以上劳动模范、一线优秀工会工作者优先录用。,www.acftu.org.cn,010-68592023,010-68592049,
042000,全国总工会,国际联络部,中央党群机关,美洲处一级主任科员及以下,非通用语职位（其他）,其他职位,"1.从事西班牙语国家工会组织联络交流；
2.重要外事活动口笔译；
3.国际会议同声传译；
4.参与区域相关劳工政策研究等。",100129009001,中央,中央机关及其省级直属机构综合管理类,1,050207西班牙语语言文学,仅限硕士研究生,硕士,中共党员,无限制,无限制,是,5:1,北京市西城区,北京市西城区,专业能力测试为根据给定材料，进行现场听力、口笔译测试，占综合成绩的15%。同等条件下，省部级以上劳动模范、一线优秀工会工作者优先录用。,www.acftu.org.cn,010-68592023,010-68592049,
042000,全国总工会,经费审查委员会办公室,中央党群机关,审计二处一级主任科员及以下,普通职位,其他职位,"1.组织实施对各省、自治区、直辖市总工会经费预算执行情况审计和其他专项审计；
2.组织实施对全国总工会本级及直属企事业单位建设项目审计；
3.推进工会经审工作信息化建设，开展计算机审计、大数据审计；
4.研究起草、修改相关审查审计制度、办法、标准；
5.能适应经常性出差。",100110010001,中央,中央机关及其省级直属机构综合管理类,1,本科：120207审计学、120203K会计学；研究生：0257审计、1253会计、120201会计学,本科或硕士研究生,与最高学历相对应的学位,不限,二年,无限制,是,5:1,北京市西城区,北京市西城区,专业能力测试为根据给定材料起草文章，主要考查公文写作能力，占综合成绩的15%。具有较强文字综合能力。同等条件下，省部级以上劳动模范、一线优秀工会工作者优先录用。,www.acftu.org.cn,010-68592023,010-68592049,
042000,全国总工会,中国教科文卫体工会,中央党群机关,办公室一级主任科员及以下,普通职位,其他职位,"1.参与部门工作计划、总结、通知、公函等公文起草工作和会议、活动等会务组织；
2.参与部门综合性课题的调查研究和报告的起草；
3.负责部门文电运转、档案管理、后勤管理等；
4.完成部门领导交办的其他工作；
5.需要适应经常性出差。",100110011001,中央,中央机关及其省级直属机构综合管理类,2,0101哲学、0301法学、0302政治学、0303社会学、0305马克思主义理论、0501中国语言文学、0503新闻传播学、1204公共管理（以上专业均不含专业型学位硕士）,硕士研究生及以上,与最高学历相对应的学位,中共党员,无限制,无限制,否,5:1,北京市西城区,北京市西城区,同等条件下，省部级以上劳动模范、一线优秀工会工作者优先录用。,www.acftu.org.cn,010-68592023,010-68592049,
042000,全国总工会,中国机械冶金建材工会,中央党群机关,办公室一级主任科员及以下,普通职位,其他职位,"1.参与部门工作计划、总结、通知、公函等公文起草工作和会议、活动等会务组织；
2.参与部门综合性课题的调查研究和报告的起草；
3.需要适应经常性出差。",100110012001,中央,中央机关及其省级直属机构综合管理类,1,0201经济学类、0802机械类、0804材料类,仅限本科,学士,不限,无限制,无限制,否,5:1,北京市西城区,北京市西城区,同等条件下，省部级以上劳动模范、一线优秀工会工作者优先录用。,www.acftu.org.cn,010-68592023,010-68592049,
042000,全国总工会,中国国防邮电工会,中央党群机关,国防科技工作部一级主任科员及以下,普通职位,其他职位,"1.参与本部门工作计划、总结、通知、公函等公文的起草工作和会议、活动等会务组织工作；
2.参与部门综合性课题的调查研究和报告的起草；
3.负责部门文件、资料的收发、保管和归档及部门统计工作；
4.完成领导交办的其它工作任务。",100110013001,中央,中央机关及其省级直属机构综合管理类,1,0301法学、0501中国语言文学、0805材料科学与工程、0809电子科学与技术、0812计算机科学与技术（以上专业均不含专业型学位硕士）,仅限硕士研究生,硕士,中共党员,二年,无限制,是,5:1,北京市西城区,北京市西城区,专业能力测试为根据给定材料起草文章，主要考查文字能力，占综合成绩的15%。同等条件下，省部级以上劳动模范、一线优秀工会工作者优先录用。,www.acftu.org.cn,010-68592023,010-68592049,
042000,全国总工会,中国国防邮电工会,中央党群机关,电信工作部一级主任科员及以下,普通职位,其他职位,"1.参与本部门工作计划、总结、通知、公函等公文的起草工作和会议、活动等会务组织工作；
2.参与部门综合性课题的调查研究和报告的起草；
3.负责部门文件、资料的收发、保管和归档及部门统计工作；
4.完成领导交办的其它工作任务。",100110013002,中央,中央机关及其省级直属机构综合管理类,1,0301法学、0501中国语言文学、0810信息与通信工程、0812计算机科学与技术、1201 管理科学与工程（以上专业均不含专业型学位硕士）,仅限硕士研究生,硕士,中共党员,二年,无限制,是,5:1,北京市西城区,北京市西城区,专业能力测试为给定材料起草文章，主要考查文字能力，占综合成绩的15%。同等条件下，省部级以上劳动模范、一线优秀工会工作者优先录用。,www.acftu.org.cn,010-68592023,010-68592049,
042000,全国总工会,中国财贸轻纺烟草工会,中央党群机关,办公室一级主任科员及以下,普通职位,其他职位,"1.参与部门活动、项目、会议等策划、宣传、组织工作；
2.参与部门工作计划、总结、通知、公函等公文起草工作；
3.参与部门课题的调查研究和报告的起草工作；
4.完成部门领导交办的其他工作。",100110014001,中央,中央机关及其省级直属机构综合管理类,1,0809计算机类,仅限本科,学士,中共党员,二年,无限制,是,5:1,北京市西城区,北京市西城区,专业能力测试为根据给定材料起草文章，主要考查文字能力，占综合成绩的15%。同等条件下，省部级以上劳动模范、一线优秀工会工作者优秀录用。,www.acftu.org.cn,010-68592023,010-68592049,
042000,全国总工会,机关党委,中央党群机关,办公室一级主任科员及以下,普通职位,其他职位,"1.参与调查了解机关有关情况，掌握信息，提出建议，为领导决策提供参考；
2.具体落实机关党委有关会议、活动的准备工作；
3.参与机关党委有关文件、简报的起草、核稿和编印，承担日常文秘工作。",100110015001,中央,中央机关及其省级直属机构综合管理类,1,0101哲学、0301法学、 0302政治学、0305马克思主义理论、0501中国语言文学、0503新闻传播学、0602中国史、020208统计学（以上专业均不含专业型学位硕士）,仅限硕士研究生,硕士,中共党员,无限制,无限制,否,5:1,北京市西城区,北京市西城区,同等条件下，省部级以上劳动模范、一线优秀工会工作者优先录用。,www.acftu.org.cn,010-68592023,010-68592049,
044000,全国妇联,办公厅,中央党群机关,调研室一级主任科员及以下,普通职位,其他职位,各类文稿起草、信息编发,100110001001,中央,中央机关及其省级直属机构综合管理类,1,0501中国语言文学，050301新闻学，010101马克思主义哲学， 030301社会学， 030204中共党史,硕士研究生及以上,与最高学历相对应的学位,中共党员,二年,无限制,否,5:1,北京市,北京市,具有较高的政策研究和文字写作能力,http://www.women.org.cn,010-65103732,010-65103129,010-65103110
044000,全国妇联,办公厅,中央党群机关,综合处一级主任科员及以下,普通职位,其他职位,公文处理、机关文字及行政工作,100110001002,中央,中央机关及其省级直属机构综合管理类,1,0101哲学， 0301法学， 0503 新闻传播学,仅限硕士研究生,硕士,中共党员,二年,无限制,否,5:1,北京市,北京市,具备较强的公文写作、综合协调和文字处理能力,http://www.women.org.cn,010-65103732,010-65103129,010-65103110
044000,全国妇联,组织部,中央党群机关,组织一处一级主任科员及以下,普通职位,其他职位,从事省级妇联班子协管、全国妇联常执委会建设、统战等有关工作,100110002001,中央,中央机关及其省级直属机构综合管理类,1,0101哲学， 03法学， 0601历史学,硕士研究生及以上,与最高学历相对应的学位,中共党员,二年,无限制,否,5:1,北京市,北京市,具有较强的文字功底和写作能力；有较强的调查研究能力,http://www.women.org.cn,010-65103732,010-65103129,010-65103110
044000,全国妇联,组织部,中央党群机关,组织二处一级主任科员及以下,普通职位,其他职位,妇联系统组织建设的组织落实、调查研究，综合文稿起草,100110002002,中央,中央机关及其省级直属机构综合管理类,1,010101马克思主义哲学， 010102中国哲学，0302 政治学，030301社会学， 0601 历史学,仅限硕士研究生,硕士,中共党员,二年,无限制,否,5:1,北京市,北京市,具有较强的政策研究和文字处理能力,http://www.women.org.cn,010-65103732,010-65103129,010-65103110
044000,全国妇联,宣传部,中央党群机关,业务处室一级主任科员及以下,普通职位,其他职位,从事新闻宣传和网络新媒体工作，参与综合协调和文稿事务,100110003001,中央,中央机关及其省级直属机构综合管理类,2,030204中共党史，030301社会学，050103汉语言文字学， 050106中国现当代文学， 050301新闻学，050302传播学，050407广播电视艺术学,仅限硕士研究生,硕士,中共党员,二年,无限制,否,5:1,北京市,北京市,,http://www.women.org.cn,010-65103732,010-65103129,010-65103110
044000,全国妇联,妇女发展部,中央党群机关,综合协调处一级主任科员及以下,普通职位,其他职位,承担综合文稿起草、文件运转、协调联络等相关工作,100110004001,中央,中央机关及其省级直属机构综合管理类,1,0101哲学， 0303社会学， 0501中国语言文学， 0202应用经济学， 1204公共管理,硕士研究生及以上,与最高学历相对应的学位,中共党员,二年,无限制,否,5:1,北京市,北京市,,http://www.women.org.cn,010-65103732,010-65103129,010-65103110
044000,全国妇联,联络部,中央党群机关,亚洲处一级主任科员及以下,普通职位,其他职位,国际交流合作（翻译）,100110007001,中央,中央机关及其省级直属机构综合管理类,1,本科专业要求：050201英语； 研究生及以上专业要求：050201英语语言文学,本科及以上,与最高学历相对应的学位,中共党员,无限制,无限制,是,5:1,北京市,北京市,1．通过英语专业八级，口译能力突出，具有较强的中英文写作水平；2．如不是2022年应届毕业生，需专职从事翻译工作2年以上，并具有大型国际会议和外交/外事领域交传、同传工作经历，或系外交/外事部门工作的正式在编人员；3．专业考试包括英语口试和笔试，范围涉及政治、经济、社会、文化、妇女等领域知识。专业考试权重占15%。,http://www.women.org.cn,010-65103732,010-65103129,010-65103110
044000,全国妇联,联络部,中央党群机关,对外宣传处一级主任科员及以下,普通职位,其他职位,对外宣传与国际传播,100110007002,中央,中央机关及其省级直属机构综合管理类,1,本科专业要求：050309T国际新闻与传播， 030202国际政治，030204T国际事务与国际关系； 研究生及以上专业要求： 030206国际政治， 030207国际关系,本科及以上,与最高学历相对应的学位,中共党员,二年,无限制,否,5:1,北京市,北京市,1. 通过英语六级；2. 具有较高政策理论水平；3. 公文写作、文字处理能力突出。,http://www.women.org.cn,010-65103732,010-65103129,010-65103110
044000,全国妇联,国务院妇女儿童工作委员会办公室,中央党群机关,儿童工作处一级主任科员及以下,普通职位,其他职位,负责儿童发展和权益保护工作的政策调研、文稿文件起草、组织协调等,100110009001,中央,中央机关及其省级直属机构综合管理类,1,010101马克思主义哲学， 020101政治经济学， 030101法学理论， 030302人口学,仅限硕士研究生,硕士,中共党员,二年,无限制,否,5:1,北京市,北京市,有较强的文字写作、语言表达和协调能力,http://www.women.org.cn,010-65103732,010-65103129,010-65103110
045000,中国文联,办公厅,群团机关,秘书处一级主任科员及以下,普通职位,其他职位,负责重要文件讲话起草、文秘文书和内部管理等。,100310001001,中央,中央机关及其省级直属机构综合管理类,1,汉语言文学、马克思主义哲学、文艺学、历史学类、行政管理,本科或硕士研究生,与最高学历相对应的学位,中共党员,无限制,无限制,否,5:1,北京市朝阳区,北京市朝阳区,,http://www.cflac.org.cn/,010-59759394,,
045000,中国文联,离退休干部局,群团机关,一级主任科员及以下,普通职位,其他职位,负责策划、制订、组织、实施离退休干部活动及日常内部管理工作。,100310002001,中央,中央机关及其省级直属机构综合管理类,2,中国语言文学类（少数民族语言类除外）、思想政治教育、新闻学、马克思主义哲学,本科或硕士研究生,与最高学历相对应的学位,不限,无限制,无限制,否,5:1,北京市朝阳区,北京市朝阳区,,http://www.cflac.org.cn/,010-59759394,,
045000,中国文联,中国戏剧家协会,群团机关,人事处一级主任科员及以下,普通职位,其他职位,负责人事、工资、社保等工作以及相关系统的操作及管理。,100310003001,中央,中央机关及其省级直属机构综合管理类,1,计算机类、统计学类,仅限本科,与最高学历相对应的学位,中共党员,无限制,无限制,否,5:1,北京市朝阳区,北京市朝阳区,,http://www.cflac.org.cn/,010-59759394,,
045000,中国文联,中国戏剧家协会,群团机关,机关党委办公室一级主任科员及以下,普通职位,其他职位,负责纪检等日常事务性工作及承办工、青、妇等群众组织方面的有关工作。,100310003002,中央,中央机关及其省级直属机构综合管理类,1,政治学类、马克思主义理论类,本科或硕士研究生,与最高学历相对应的学位,中共党员,无限制,无限制,否,5:1,北京市朝阳区,北京市朝阳区,,http://www.cflac.org.cn/,010-59759394,,
045000,中国文联,中国电影家协会,群团机关,人事处（离退休干部处）一级主任科员及以下,普通职位,其他职位,负责人事管理有关工作以及指导和管理下属企业的人事工作。,100310004001,中央,中央机关及其省级直属机构综合管理类,1,电影学、行政管理、人力资源管理,本科或硕士研究生,与最高学历相对应的学位,中共党员,无限制,无限制,否,5:1,北京市朝阳区,北京市朝阳区,,http://www.cflac.org.cn/,010-59759394,,
045000,中国文联,中国电影家协会,群团机关,办公室一级主任科员及以下,普通职位,其他职位,负责预算与财务管理相关工作。,100310004002,中央,中央机关及其省级直属机构综合管理类,1,会计学,本科或硕士研究生,与最高学历相对应的学位,不限,二年,无限制,否,5:1,北京市朝阳区,北京市朝阳区,,http://www.cflac.org.cn/,010-59759394,,
045000,中国文联,中国曲艺家协会,群团机关,创作研究处一级主任科员及以下,普通职位,其他职位,负责曲艺理论研究及撰写相关文字材料。,100310005001,中央,中央机关及其省级直属机构综合管理类,1,马克思主义理论类、戏剧影视文学、文艺学、艺术学理论类（限曲艺、戏剧、戏曲方向）,硕士研究生及以上,与最高学历相对应的学位,中共党员,无限制,无限制,否,5:1,北京市朝阳区,北京市朝阳区,,http://www.cflac.org.cn/,010-59759394,,
045000,中国文联,中国民间文艺家协会,群团机关,理论研究处一级主任科员及以下,普通职位,其他职位,负责中国民间文学大系出版工程基础资料的搜集、整理、研究等工作。,100310006001,中央,中央机关及其省级直属机构综合管理类,1,中国民间文学、民俗学,硕士研究生及以上,与最高学历相对应的学位,不限,无限制,无限制,是,5:1,北京市朝阳区,北京市朝阳区,面试时组织民间文艺专业能力测试，占综合成绩的15%，主要测试民间文学、民俗学以及民间文艺研究等相关知识。,http://www.cflac.org.cn/,010-59759394,,
045000,中国文联,中国民间文艺家协会,群团机关,会员联络与维权处（新文艺组织管理办公室）一级主任科员及以下,普通职位,其他职位,负责民间文艺数据库及“互联网+民协”建设及运营维护等工作。,100310006002,中央,中央机关及其省级直属机构综合管理类,1,计算机科学与技术、软件工程,硕士研究生及以上,与最高学历相对应的学位,不限,二年,无限制,否,5:1,北京市朝阳区,北京市朝阳区,,http://www.cflac.org.cn/,010-59759394,,
045000,中国文联,中国书法家协会,群团机关,人事处（党务办公室）一级主任科员及以下,普通职位,其他职位,负责党务办公室日常工作，协助机关党委、纪委完成相关日常工作。,100310007001,中央,中央机关及其省级直属机构综合管理类,1,政治学类、马克思主义理论类,硕士研究生及以上,与最高学历相对应的学位,中共党员,二年,无限制,否,5:1,北京市朝阳区,北京市朝阳区,,http://www.cflac.org.cn/,010-59759394,,
045000,中国文联,中国杂技家协会,群团机关,理论研究处一级主任科员及以下,普通职位,其他职位,负责杂技理论研讨、调查研究、理论队伍建设相关工作及撰写相关文字材料。,100310008001,中央,中央机关及其省级直属机构综合管理类,1,中国语言文学类、哲学类、政治学类、马克思主义理论类,硕士研究生及以上,与最高学历相对应的学位,中共党员,无限制,无限制,否,5:1,北京市朝阳区,北京市朝阳区,,http://www.cflac.org.cn/,010-59759394,,
045000,中国文联,中国电视艺术家协会,群团机关,党务办公室一级主任科员及以下,普通职位,其他职位,负责党务、工、青、妇等日常管理工作。,100310009001,中央,中央机关及其省级直属机构综合管理类,1,马克思主义哲学、中国史、马克思主义理论类,硕士研究生及以上,与最高学历相对应的学位,中共党员,无限制,无限制,否,5:1,北京市朝阳区,北京市朝阳区,,http://www.cflac.org.cn/,010-59759394,,
045000,中国文联,中国电视艺术家协会,群团机关,会员工作处一级主任科员及以下,普通职位,其他职位,负责会员的联络、协调和管理服务工作。,100310009002,中央,中央机关及其省级直属机构综合管理类,1,文艺学、中国古代文学、中国现当代文学、电影学、广播电视艺术学、广播电视,硕士研究生及以上,与最高学历相对应的学位,中共党员,无限制,无限制,否,5:1,北京市朝阳区,北京市朝阳区,,http://www.cflac.org.cn/,010-59759394,,
047000,中国科协,宣传文化部,中央党群机关,文化建设处一级主任科员及以下,普通职位,其他职位,从事科技志愿服务工作的统筹设计、组织实施和文件起草，以及科学文化工作的理论研究和组织实施。,100110001001,中央,中央机关及其省级直属机构综合管理类,1,应用经济学(0202)、管理科学与工程(1201)、公共管理(1204),硕士研究生及以上,与最高学历相对应的学位,中共党员,二年,无限制,否,5:1,北京市,北京市,具有较强的沟通协调能力、文字写作能力和团队合作意识；可适应经常出差工作；“专业”须与《学位授予和人才培养学科目录（2018年4月更新）》二级学科代码对应；限以主修专业报考。,www.cast.org.cn,010-68526151,,
047000,中国科协,战略发展部,中央党群机关,规划发展处（改革协调处）一级主任科员及以下,普通职位,其他职位,负责编制中国科协事业发展规划及督促检查和评估，拟定中国科协年度工作要点、科协系统深化改革实施方案及牵头推进等工作。,100110003001,中央,中央机关及其省级直属机构综合管理类,1,社会学(0303)、系统科学(0711)、控制科学与工程(0811)、建筑学(0813)、管理科学与工程(1201)、公共管理(1204),硕士研究生及以上,与最高学历相对应的学位,中共党员,二年,无限制,是,5:1,北京市,北京市,具有较强的沟通协调能力、文字写作能力和团队合作意识；专业能力测试内容为文字表达能力、对科技人才政策和新时代科技群团工作规律把握能力等，占综合成绩比重的15%；“专业”须与《学位授予和人才培养学科目录（2018年4月更新）》二级学科代码对应；限以主修专业报考。,www.cast.org.cn,010-68526151,,
047000,中国科协,国际合作部（港澳台办公室）,中央党群机关,综合处一级主任科员及以下,普通职位,其他职位,负责文件撰写、会议组织、外事管理服务，配合党群、群建等工作。,100110004001,中央,中央机关及其省级直属机构综合管理类,1,管理科学与工程（1201）公共管理（1204）科学技术史（0712）英语语言文学（050201）,硕士研究生及以上,与最高学历相对应的学位,中共党员,二年,无限制,否,5:1,北京市,北京市,具有较强的沟通协调能力、文字写作能力和团队合作意识；须通过大学英语六级考试或英语专业八级考试；“专业”须与《学位授予和人才培养学科目录（2018年4月更新）》相关学科代码对应；限以主修专业报考。,www.cast.org.cn,010-68526151,,
048000,中国侨联,联谊联络部,群团机关,欧非处一级主任科员及以下,普通职位,其他职位,调研所在地区侨情并提出工作建议、方案；联系海外侨胞、海外华侨华人社团；接待及承办大型会议活动；需要经常加班和频繁出差。,100310003001,中央,中央机关及其省级直属机构综合管理类,1,汉语言文学（050101） 法学（030101K） 历史学 （060101） 行政管理 （120402）,仅限本科,学士,中共党员,无限制,无限制,否,4:1,北京市东城区,北京市东城区,“专业”为二级学科名称。需以本科所学专业报考。非应届人员应为在职状态。个人经历填写要求连续准确（待业请注明）。,http://www.chinaql.org/,010-59957935,010-59957909,010-59957541
048000,中国侨联,经济科技部,群团机关,经济处一级主任科员及以下,普通职位,其他职位,负责经济联络等相关工作。,100310004001,中央,中央机关及其省级直属机构综合管理类,1,应用经济学 （0202） 法学 （0301） 政治学 （0302） 中国语言文学 （0501） 公共管理 （1204）,仅限硕士研究生,硕士,中共党员,无限制,无限制,否,4:1,北京市东城区,北京市东城区,“专业”为一级学科名称。需以硕士研究生所学专业报考。需同时具有本科学历学位。非应届人员应为在职状态。个人经历填写要求连续准确（待业请注明）。,http://www.chinaql.org/,010-59957935,010-59957909,010-59957541
048000,中国侨联,经济科技部,群团机关,科技处一级主任科员及以下,普通职位,其他职位,参与组织实施“创业中华”等引才引智活动，联络服务侨界高层次人才等工作。,100310004002,中央,中央机关及其省级直属机构综合管理类,1,应用经济学 （0202） 中国语言文学 （0501） 新闻传播学 （0503）,仅限硕士研究生,硕士,中共党员,无限制,无限制,否,4:1,北京市东城区,北京市东城区,“专业”为一级学科名称。需以硕士研究生所学专业报考。需同时具有本科学历学位。非应届人员应为在职状态。个人经历填写要求连续准确（待业请注明）。,http://www.chinaql.org/,010-59957935,010-59957909,010-59957541
048000,中国侨联,权益保障部,群团机关,政策法规处一级主任科员及以下,普通职位,其他职位,组织开展侨界法治宣传教育活动；监督涉侨法律法规的实施，推动有关部门落实政策，参与涉侨法律法规的研究和拟订；牵头负责全国人大归侨代表、全国政协侨联界委员的联络服务，协助做好参政议政工作。,100310006001,中央,中央机关及其省级直属机构综合管理类,1,法学（030101K）,仅限本科,学士,中共党员,无限制,无限制,否,4:1,北京市东城区,北京市东城区,“专业”为二级学科名称。需以本科所学专业报考。非应届人员应为在职状态。个人经历填写要求连续准确（待业请注明）。,http://www.chinaql.org/,010-59957935,010-59957909,010-59957541
048000,中国侨联,组织人事部（机关党委）,群团机关,人事处一级主任科员及以下,普通职位,其他职位,负责机关及直属单位的机构、编制、干部人事管理和改革等相关工作。,100310008001,中央,中央机关及其省级直属机构综合管理类,1,中国语言文学 （0501） 统计学 （0714研究生，0712本科） 工商管理 （1202，人力资源相关） 公共管理 （1204，劳动与社会保障相关）,本科或硕士研究生,与最高学历相对应的学位,中共党员,无限制,无限制,否,4:1,北京市东城区,北京市东城区,“专业”为一级学科名称。最高学历所学专业需满足专业要求。研究生学历报考者需同时具有本科学历学位和研究生学历学位。非应届人员应为在职状态，且需具有2年及以上从事人力资源或人事工作相关经历，并在简历中注明。个人经历填写要求连续准确（待业请注明）。,http://www.chinaql.org/,010-59957935,010-59957909,010-59957541
051000,全国友协,地区业务部,群团机关,英语相关处一级主任科员及以下,普通职位,其他职位,开展与有关国家的友好交流与合作，承担举办对外友好交流活动的组织协调和翻译工作。,100310004001,中央,中央机关及其省级直属机构综合管理类,2,英语,本科及以上,与最高学历相对应的学位,不限,无限制,无限制,是,5:1,北京市东城区,北京市东城区,"（1）英语专业本科毕业，能用英语独立开展工作。
（2）专业能力测试的内容为口试、笔试，占综合成绩的比重为15%。
（3）网上报名时请务必按照本会官网(www.cpaffc.org.cn)“人事公告”栏目相关要求填报资料。",www.cpaffc.org.cn,81441378,,
051000,全国友协,地区业务部,群团机关,阿拉伯语相关处一级主任科员及以下,非通用语职位（阿拉伯语）,其他职位,开展与有关国家的友好交流与合作，承担举办对外友好交流活动的组织协调和翻译工作。,100321004001,中央,中央机关及其省级直属机构综合管理类,1,阿拉伯语,本科及以上,与最高学历相对应的学位,不限,无限制,无限制,是,5:1,北京市东城区,北京市东城区,"（1）阿拉伯语专业本科毕业，能用阿拉伯语独立开展工作。
（2）专业能力测试的内容为口试、笔试，占综合成绩的比重为15%。
（3）网上报名时请务必按照本会官网(www.cpaffc.org.cn)“人事公告”栏目相关要求填报资料。",www.cpaffc.org.cn,81441378,,
051000,全国友协,地区业务部,群团机关,法语相关处一级主任科员及以下,非通用语职位（法语）,其他职位,开展与有关国家的友好交流与合作，承担举办对外友好交流活动的组织协调和翻译工作。,100325004001,中央,中央机关及其省级直属机构综合管理类,1,法语,本科及以上,与最高学历相对应的学位,不限,无限制,无限制,是,5:1,北京市东城区,北京市东城区,"（1）法语专业本科毕业，能用法语独立开展工作。
（2）专业能力测试的内容为口试、笔试，占综合成绩的比重为15%。
（3）网上报名时请务必按照本会官网(www.cpaffc.org.cn)“人事公告”栏目相关要求填报资料。",www.cpaffc.org.cn,81441378,,
051000,全国友协,机关党委（人事工作部）,群团机关,人事处一级主任科员及以下,普通职位,其他职位,起草公文和调研、考察报告，承担举办各类内事会议、活动，开展各类培训工作。,100310005001,中央,中央机关及其省级直属机构综合管理类,1,国际政治、国际关系,本科及以上,与最高学历相对应的学位,中共党员,二年,无限制,是,5:1,北京市东城区,北京市东城区,"（1）国际政治或国际关系专业本科毕业。
（2）专业能力测试的内容为笔试（政策理论、文章写作），占综合成绩的比重为15%。
（3）网上报名时请务必按照本会官网(www.cpaffc.org.cn)“人事公告”栏目相关要求填报资料。",www.cpaffc.org.cn,81441378,,
053000,中国贸促会,发展研究部,群团机关,发展研究部一级主任科员及以下,普通职位,其他职位,撰写综合性文稿。研究国内外经贸形势，开展经贸领域深度研究。,100310111001,中央,中央机关及其省级直属机构综合管理类,1,应用经济学、金融,硕士研究生及以上,硕士,中共党员或共青团员,二年,无限制,是,5:1,北京市,北京市,1.取得英语专业八级证书或雅思成绩7分及以上或新托福成绩105分及以上；报名表备注栏须注明英语考试名称和成绩，否则视同不符合条件；2.本科、研究生须具有相应学历学位；3.硕士研究生须为应用经济学或金融专业；4.具有较强文字能力，能承担各类公文材料和重要文稿的起草工作；5.留学回国人员报名时最高学历学位须获教育部留学服务中心出具的《国外学历学位认证书》，并在报名表备注栏中注明认证编号；6.能服从组织安排，随时到中国贸促会驻外代表处工作；7.专业能力测试中文（笔试）、英文（笔试和口试），专业能力测试成绩占综合成绩15％。,http://www.ccpit.org/,010-88075967,,
053000,中国贸促会,人事部,群团机关,人事部一级主任科员及以下,普通职位,其他职位,干部人事管理工作。,100310112001,中央,中央机关及其省级直属机构综合管理类,1,英语、经济学、金融、法学、法律,硕士研究生及以上,硕士,中共党员,无限制,无限制,是,5:1,北京市,北京市,1.取得英语专业八级证书或雅思成绩7分及以上或新托福成绩105分及以上；报名表备注栏须注明英语考试名称和成绩，否则视同不符合条件；2.本科、研究生须具有相应学历学位；3.留学回国人员报名时最高学历学位须获教育部留学服务中心出具的《国外学历学位认证书》，并在报名表备注栏中注明认证编号；4.能服从组织安排，随时到中国贸促会驻外代表处工作；5.专业能力测试中文（笔试）、英文（笔试和口试），专业能力测试成绩占综合成绩15％。,http://www.ccpit.org/,010-88075967,,
053000,中国贸促会,国际联络部,群团机关,国际联络部一级主任科员及以下,普通职位,其他职位,担任外经贸专业翻译；国别政策研究；具体策划、协调实施贸易促进团组和大型外事活动；日常外事工作。,100310113001,中央,中央机关及其省级直属机构综合管理类,2,英语、新闻与传播、外交学、国际关系、国际政治、法学,硕士研究生及以上,硕士,中共党员或共青团员,无限制,无限制,是,5:1,北京市,北京市,1.取得英语专业八级证书（成绩为良好及以上）或全国翻译专业资格考试(CATTI)二级及以上口译证书（英语）；报名表备注栏须注明英语考试名称和成绩，否则视同不符合条件；2.本科、研究生须具有相应学历学位；3.报考者应本科学习英语专业；4.非应届毕业生应符合以下3个条件之一：①有外事工作或国际问题研究经历；②毕业后一直从事英语相关研究、教学或翻译等工作；③有承担大型国际会议翻译工作的经历。5.能够适应经常性加班和长途差旅；6.留学回国人员应获得国内本科学历；报名时最高学历学位须获教育部留学服务中心出具的《国外学历学位认证书》，并在报名表备注栏中注明认证编号；7.能服从组织安排，随时到中国贸促会驻外代表处工作；8.专业能力测试中文（笔试）、英文（笔试和口试），专业能力测试成绩占综合成绩15％。,http://www.ccpit.org/,010-88075967,,
053000,中国贸促会,国际联络部,群团机关,国际联络部一级主任科员及以下,普通职位,其他职位,承担大型活动口译任务；具体策划、协调实施贸易促进团组和大型外事活动；日常外事工作。,100310113002,中央,中央机关及其省级直属机构综合管理类,1,翻译,硕士研究生及以上,硕士,中共党员或共青团员,无限制,无限制,是,5:1,北京市,北京市,1.取得英语专业八级证书（成绩为良好及以上）和全国翻译专业资格考试(CATTI)二级及以上口译证书（英语）；报名表备注栏须注明英语考试名称和成绩，否则视同不符合条件；2.本科、研究生须具有相应学历学位；3.非应届毕业生应有承担大型国际会议同传工作的经历；4.能够适应经常性加班和长途差旅；5.留学回国人员应获得国内本科学历；报名时最高学历学位须获教育部留学服务中心出具的《国外学历学位认证书》，并在报名表备注栏中注明认证编号；6.能服从组织安排，随时到中国贸促会驻外代表处工作；7.专业能力测试中文（笔试）、英文（笔试和口试），专业能力测试成绩占综合成绩15％。,http://www.ccpit.org/,010-88075967,,
053000,中国贸促会,财务部,群团机关,财务部一级主任科员及以下,普通职位,其他职位,部门预决算的组织和管理；预算绩效管理；内部审计；部内综合事务等。,100310114001,中央,中央机关及其省级直属机构综合管理类,2,会计学、财务管理、财政学、审计学、经济学,本科及以上,学士,中共党员或共青团员,二年,无限制,是,5:1,北京市,北京市,1.大学英语六级考试成绩500分及以上或雅思成绩6.5分及以上或新托福成绩95分及以上；2.本科、研究生须具有相应学历学位；3.熟悉国家财经法律、法规，具有财务分析能力和财务工作经验；4.具有较强文字能力，能承担各类公文材料和重要文稿的起草工作；5.具备一年以上审计工作经验；6.留学回国人员报名时最高学历学位须获教育部留学服务中心出具的《国外学历学位认证书》，并在报名表备注栏中注明认证编号；7.能服从组织安排，随时到中国贸促会驻外代表处工作；8.专业能力测试会计及财务管理专业知识（笔试）、中文（笔试）和英文（口试），专业能力测试成绩占综合成绩15%。,http://www.ccpit.org/,010-88075967,,
053000,中国贸促会,机关党委,群团机关,机关党委一级主任科员及以下,普通职位,其他职位,负责基层党组织建设、党员队伍建设等党务工作及公文起草等工作。,100310115001,中央,中央机关及其省级直属机构综合管理类,1,中国语言文学、哲学、政治学、经济学、法律、英语,本科及以上,学士,中共党员,二年,无限制,是,5:1,北京市,北京市,1.取得英语专业八级证书或雅思成绩7分及以上或新托福成绩105分及以上；报名表备注栏须注明英语考试名称和成绩，否则视同不符合条件；2.本科、研究生须具有相应学历学位；3.具有较强文字能力，能承担各类公文材料和重要文稿的起草；4.留学回国人员报名时最高学历学位须获教育部留学服务中心出具的《国外学历学位认证书》，并在报名表备注栏中注明认证编号；5.能服从组织安排，随时到中国贸促会驻外代表处工作。6.专业能力测试中文（笔试）、英文（笔试和口试），专业能力测试成绩占综合成绩15％。,http://www.ccpit.org/,010-88075967,,
053000,中国贸促会,驻外代表处,群团机关,驻外代表处代表助理（一级主任科员及以下）,非通用语职位（俄语）,其他职位,经贸合作与投资促进等联络工作，参与、配合各类经贸合作与投资促进活动；搜集各类经贸信息，对有关问题进行调查研究；为驻在国（地区）中资企业服务。,100324116001,中央,中央机关及其省级直属机构综合管理类,1,俄语,本科及以上,学士,中共党员或共青团员,无限制,无限制,是,5:1,北京市,北京市,1.取得俄语专业八级证书，大学英语六级考试成绩500分及以上或雅思成绩6.5分及以上或新托福成绩95分及以上；2.本科、研究生须具有相应学历学位；3.本科须为俄语专业；4.非应届毕业生应有承担大型会议、活动等翻译工作的经历；5.须将考试地点选为“北京”；6.留学回国人员报名时最高学历学位须获教育部留学服务中心出具的《国外学历学位认证书》，并在报名表备注栏中注明认证编号；7.服从组织安排，随时到中国贸促会驻外代表处工作；8.专业能力测试中文（笔试）、俄语（笔试、口试），专业能力测试成绩占综合成绩15%。,http://www.ccpit.org/,010-88075967,,
053000,中国贸促会,驻外代表处,群团机关,驻外代表处代表助理（一级主任科员及以下）,非通用语职位（日语）,其他职位,经贸合作与投资促进等联络工作，参与、配合各类经贸合作与投资促进活动；搜集各类经贸信息，对有关问题进行调查研究；为驻在国（地区）中资企业服务。,100326116001,中央,中央机关及其省级直属机构综合管理类,1,日语,本科及以上,学士,中共党员或共青团员,无限制,无限制,是,5:1,北京市,北京市,1.取得日语专业八级证书，大学英语六级考试成绩500分及以上或雅思成绩6.5分及以上或新托福成绩95分及以上；2.本科、研究生须具有相应学历学位；3.本科须为日语专业；4.非应届毕业生应有承担大型会议、活动等翻译工作的经历；5.须将考试地点选为“北京”；6.留学回国人员报名时最高学历学位须获教育部留学服务中心出具的《国外学历学位认证书》，并在报名表备注栏中注明认证编号；7.服从组织安排，随时到中国贸促会驻外代表处工作；8.专业能力测试中文（笔试）、日语（笔试、口试），专业能力测试成绩占综合成绩15%。,http://www.ccpit.org/,010-88075967,,
054000,中国残联,组织联络部,群团机关,社区和志愿者工作处一级主任科员及以下,普通职位,其他职位,研究制定社区残疾人工作实施方案，调研指导地方工作；掌握、指导志愿助残工作队伍建设和工作情况。,100310005001,中央,中央机关及其省级直属机构综合管理类,1,社会学、管理科学与工程、公共管理,硕士研究生及以上,与最高学历相对应的学位,中共党员,二年,无限制,否,5:1,北京市西城区,北京市朝阳区,,www.cdpf.org.cn,010-66580329,010-66580386,
054000,中国残联,康复部,群团机关,综合处一级主任科员及以下,普通职位,其他职位,从事残疾人康复事业规划政策制定、综合文稿起草等工作。,100310006001,中央,中央机关及其省级直属机构综合管理类,1,法学、社会学、中国语言文学、公共管理、临床医学、公共卫生与预防医学、医学技术,硕士研究生及以上,与最高学历相对应的学位,中共党员,无限制,无限制,否,5:1,北京市西城区,北京市朝阳区,,www.cdpf.org.cn,010-66580329,010-66580386,
054000,中国残联,教育就业部,群团机关,社会保障处一级主任科员及以下,普通职位,其他职位,从事国家残疾人社会保障事业发展规划以及残疾人社会保险、社会救助、社会福利、社会慈善、托养服务、照护、养老、商业保险等相关法律、法规、政策的协调、推动、制定、落实等工作。,100310007001,中央,中央机关及其省级直属机构综合管理类,1,法学、社会学、法律、社会工作、经济学、中国语言文学、新闻传播学、新闻与传播、工商管理、公共管理,硕士研究生及以上,与最高学历相对应的学位,不限,二年,无限制,否,5:1,北京市西城区,北京市朝阳区,,www.cdpf.org.cn,010-66580329,010-66580386,
054000,中国残联,人事部,群团机关,离退休干部处一级主任科员及以下,普通职位,其他职位,从事离退休干部人事工作。,100310008001,中央,中央机关及其省级直属机构综合管理类,1,哲学、法学、政治学 、社会学、马克思主义理论、中国语言文学、新闻传播学、管理学类,硕士研究生及以上,与最高学历相对应的学位,中共党员,无限制,无限制,否,5:1,北京市西城区,北京市朝阳区,,www.cdpf.org.cn,010-66580329,010-66580386,
054000,中国残联,人事部,群团机关,直属机关纪委办公室（巡视工作处）一级主任科员及以下,普通职位,其他职位,协助直属机关党委推进全面从严治党、加强党风廉政建设和组织协调反腐败工作，突出抓好政治监督，强化监督执纪问责，开展经常性纪律教育、警示教育。,100310008002,中央,中央机关及其省级直属机构综合管理类,1,法学类,硕士研究生及以上,与最高学历相对应的学位,中共党员,无限制,无限制,否,5:1,北京市西城区,北京市朝阳区,,www.cdpf.org.cn,010-66580329,010-66580386,
056000,中国宋庆龄基金会,办公室,群团机关,财务处一级主任科员及以下,普通职位,其他职位,负责预算和资金管理相关工作,100310001001,中央,中央机关及其省级直属机构综合管理类,1,会计学、财务管理学,本科或硕士研究生,与最高学历相对应的学位,不限,无限制,无限制,是,5:1,北京市东城区,北京市西城区,专业能力测试：财务和会计知识，占综合成绩比重15%,中国宋庆龄基金会      www.sclf.org,010-86601985,010-86601971,010-86601972
063000,中央社会主义学院,中央社会主义学院办公室,中央党群机关,秘书处一级主任科员及以下,普通职位,其他职位,负责起草学院中长期发展规划、年度工作要点、年度工作总结、向上级部门请示报告等重要文件；负责起草院领导重要讲话稿等。,100110001001,中央,中央机关及其省级直属机构综合管理类,6,哲学类（0101）、法学类（0301）、政治学类（0302）、社会学类（0303）、马克思主义理论类（0305）、中国语言文学类（0501）、新闻传播学类（0503）、历史学类（0601）,本科及以上,与最高学历相对应的学位,中共党员,无限制,无限制,是,5:1,北京市海淀区,北京市海淀区,1.专业能力测试占综合成绩的15%，主要测试文字写作能力。2.“专业”为《普通高等学校本科专业目录（2020年版）》和《学位授予和人才培养学科目录》（2018年4月更新）中的专业类别（不含专业硕士）。3.专业要求为报考者最高学历对应专业。4.留学回国人员所学专业及所获学位均应符合岗位专业要求。5.本科及以上学习阶段均要求各阶段学历证书、学位证书双证齐全。,www.zysy.org.cn,010-68706353,010-68706920,
064000,中国藏学研究中心,科研业务办公室,中央党群机关参照公务员法管理事业单位,科研处一级主任科员及以下,普通职位,其他职位,从事科研管理服务、起草报告等工作,100210001001,中央,中央机关及其省级直属机构综合管理类,1,城市管理、社会学（030301）、民族学（030401）,仅限本科,学士,不限,无限制,无限制,否,5:1,北京市朝阳区,北京市朝阳区,1、限以主修专业报考，并具有主修专业相对应的学历学位；2、非2022年应届毕业生须为在职状态，具有劳动合同（聘用合同）并已同期缴纳相应养老保险。,www.tibetology.ac.cn,64937927,64937308,
064000,中国藏学研究中心,科研业务办公室,中央党群机关参照公务员法管理事业单位,国际交流与合作处一级主任科员及以下,普通职位,其他职位,从事对外联络、翻译、外事接待及调研等工作,100210001002,中央,中央机关及其省级直属机构综合管理类,1,英语、英语语言文学,本科及以上,与最高学历相对应的学位,中共党员,无限制,无限制,是,5:1,北京市朝阳区,北京市朝阳区,1、高等学历教育经历均需取得相应学历学位；2、职位要求专业条件为报考者最高学历对应专业；3、限以主修专业报考；4、非2022年应届毕业生须为在职状态，具有劳动合同（聘用合同）并已同期缴纳相应养老保险；5、专业能力测试内容为英语笔译与口译，占综合成绩的比重为15%。,www.tibetology.ac.cn,64937927,64937308,
064000,中国藏学研究中心,科研业务办公室,中央党群机关参照公务员法管理事业单位,国内协调处一级主任科员及以下,普通职位,其他职位,从事民族宗教事务调研及牵头协调全国藏学研究等工作,100210001003,中央,中央机关及其省级直属机构综合管理类,1,社会学（030301）、民族学（030401）、中国少数民族语言文学（藏）、政治学与行政学、汉语言文学、新闻学,本科及以上,与最高学历相对应的学位,不限,无限制,无限制,否,5:1,北京市朝阳区,北京市朝阳区,1、高等学历教育经历均需取得相应学历学位；2、职位要求专业条件为报考者最高学历对应专业；3、限以主修专业报考；4、非2022年应届毕业生须为在职状态，具有劳动合同（聘用合同）并已同期缴纳相应养老保险。,www.tibetology.ac.cn,64937927,64937308,
064000,中国藏学研究中心,办公室,中央党群机关参照公务员法管理事业单位,秘书处一级主任科员及以下,普通职位,其他职位,从事网络基础设施管理、操作系统维护、用户服务、安全保密等工作,100210002001,中央,中央机关及其省级直属机构综合管理类,1,计算机科学与技术,仅限本科,学士,不限,无限制,无限制,否,5:1,北京市朝阳区,北京市朝阳区,1、限以主修专业报考，并具有主修专业相对应的学历学位；2、非2022年应届毕业生须为在职状态，具有劳动合同（聘用合同）并已同期缴纳相应养老保险。,www.tibetology.ac.cn,64937927,64937308,
064000,中国藏学研究中心,机关党委（人事办公室）,中央党群机关参照公务员法管理事业单位,综合处一级主任科员及以下,普通职位,其他职位,从事宣传活动组织策划、网络新媒体平台运营、新闻稿件采写编辑等工作,100210003001,中央,中央机关及其省级直属机构综合管理类,1,汉语言文字学、新闻学、传播学,硕士研究生及以上,与最高学历相对应的学位,中共党员,无限制,无限制,否,5:1,北京市朝阳区,北京市朝阳区,1、高等学历教育经历均需取得相应学历学位；2、职位要求专业条件为报考者最高学历对应专业；3、限以主修专业报考；4、非2022年应届毕业生须为在职状态，具有劳动合同（聘用合同）并已同期缴纳相应养老保险；5、有较强的文字功底。,www.tibetology.ac.cn,64937927,64937308,
064000,中国藏学研究中心,机关党委（人事办公室）,中央党群机关参照公务员法管理事业单位,人事处一级主任科员及以下,普通职位,其他职位,从事机构编制、工资福利、档案管理等工作,100210003002,中央,中央机关及其省级直属机构综合管理类,1,人力资源管理、劳动关系、劳动与社会保障,本科或硕士研究生,与最高学历相对应的学位,中共党员,无限制,无限制,否,5:1,北京市朝阳区,北京市朝阳区,1、高等学历教育经历均需取得相应学历学位；2、职位要求专业条件为报考者最高学历对应专业；3、限以主修专业报考；4、非2022年应届毕业生须为在职状态，具有劳动合同（聘用合同）并已同期缴纳相应养老保险。,www.tibetology.ac.cn,64937927,64937308,